{"name":"777e7247-f048-4722-a689-4fe2235190b5","id":"/providers/Microsoft.Flow/flows/777e7247-f048-4722-a689-4fe2235190b5","type":"Microsoft.Flow/flows","properties":{"apiId":"/providers/Microsoft.PowerApps/apis/shared_logicflows","displayName":"UploadImages","definition":{"metadata":{"workflowEntityId":null,"processAdvisorMetadata":null,"flowclientsuspensionreason":"None","flowclientsuspensiontime":null,"creator":{"id":"fc23cd88-686c-445a-a318-872ae27be635","type":"User","tenantId":"a45d883b-4457-43ad-89dd-a6704d333a2d"},"provisioningMethod":"FromDefinition","failureAlertSubscription":true,"clientLastModifiedTime":"2022-03-18T14:58:42.2940944Z"},"$schema":"https://schema.management.azure.com/providers/Microsoft.Logic/schemas/2016-06-01/workflowdefinition.json#","contentVersion":"1.0.0.0","parameters":{"$connections":{"defaultValue":{},"type":"Object"},"$authentication":{"defaultValue":{},"type":"SecureObject"}},"triggers":{"manual":{"metadata":{"operationMetadataId":"32e00361-5da9-4aff-9d33-599af2a55606"},"type":"Request","kind":"PowerApp","inputs":{"schema":{"type":"object","properties":{"Compose_Inputs":{"type":"any","description":"Inputs","x-ms-powerflows-param-ispartial":false}},"required":["Compose_Inputs"]}}}},"actions":{"Compose":{"runAfter":{},"metadata":{"operationMetadataId":"ca6a8aa2-a574-4498-9b6d-b438d7929a01"},"type":"Compose","inputs":"@triggerBody()['Compose_Inputs']"},"Parse_JSON":{"runAfter":{"Compose":["Succeeded"]},"metadata":{"operationMetadataId":"23cea211-ac48-4817-bed2-4bb07393370b"},"type":"ParseJson","inputs":{"content":"@outputs('Compose')","schema":{"type":"array","items":{"type":"object","properties":{"Name":{"type":"string"},"Tag Field 1":{"type":"string"},"Extention":{"type":"string"},"Copyright":{"type":"string"},"CopyrightURL":{"type":"string"},"Event":{"type":"string"},"EventDate":{"type":"string"},"base64":{"type":"string"},"Keyword":{"type":"array"}},"required":["Name","base64"]}}}},"Apply_to_each":{"foreach":"@body('Parse_JSON')","actions":{"Create_file":{"runAfter":{},"metadata":{"operationMetadataId":"0e6e68a9-0f04-4e13-8394-c204d668a515"},"type":"OpenApiConnection","inputs":{"host":{"apiId":"/providers/Microsoft.PowerApps/apis/shared_sharepointonline","connectionName":"shared_sharepointonline","operationId":"CreateFile"},"parameters":{"dataset":"https://tradmed0.sharepoint.com/sites/PhotoBank","folderPath":"/PublishingMedia","name":"@{items('Apply_to_each')['Name']}.@{items('Apply_to_each')?['Extention']}","body":"@base64ToBinary(items('Apply_to_each')['base64'])"},"authentication":{"value":"@json(decodeBase64(triggerOutputs().headers['X-MS-APIM-Tokens']))['$ConnectionKey']","type":"Raw"}},"runtimeConfiguration":{"contentTransfer":{"transferMode":"Chunked"}}},"Update_file_properties":{"runAfter":{"Create_file":["Succeeded"]},"metadata":{"operationMetadataId":"becc5262-d8be-4a47-9cc7-71b5a24cd4a0"},"type":"OpenApiConnection","inputs":{"host":{"apiId":"/providers/Microsoft.PowerApps/apis/shared_sharepointonline","connectionName":"shared_sharepointonline","operationId":"PatchFileItem"},"parameters":{"dataset":"https://tradmed0.sharepoint.com/sites/PhotoBank","table":"342e55ba-8741-4428-939e-e117791b99c0","id":"@outputs('Create_file')?['body/ItemId']","item/Title":"@{items('Apply_to_each')['Name']}.@{items('Apply_to_each')?['Extention']}","item/Keyword":[{"Value":"@items('Apply_to_each')?['Keyword']"}],"item/Keywords":"@items('Apply_to_each')?['Keyword']","item/CopyrightNotice":"@items('Apply_to_each')?['Copyright']","item/CopyrightInfoURL":"@items('Apply_to_each')?['CopyrightURL']","item/Event":"@items('Apply_to_each')?['Event']","item/EventDate":"@items('Apply_to_each')?['EventDate']","item/TagField1":"@items('Apply_to_each')?['Tag Field 1']"},"authentication":{"value":"@json(decodeBase64(triggerOutputs().headers['X-MS-APIM-Tokens']))['$ConnectionKey']","type":"Raw"}}}},"runAfter":{"Parse_JSON":["Succeeded"]},"metadata":{"operationMetadataId":"2b286fbe-007f-42b0-a62e-1587bcf60000"},"type":"Foreach"}},"outputs":{},"description":"Create one or more actions to happen when a button or link in Power Apps is selected. To use this flow from a Power App, select the control you want to trigger the flow and go to the Action tab in the Power Apps ribbon and select Flows."},"connectionReferences":{"shared_sharepointonline":{"connectionName":"5a732ce4e8b541d09b6caac7ed709098","source":"Invoker","id":"/providers/Microsoft.PowerApps/apis/shared_sharepointonline","tier":"NotSpecified"}},"flowFailureAlertSubscribed":false}}