{"name":"101a6aaf-1ab1-4052-a50b-b0ff4b18c1d3","id":"/providers/Microsoft.Flow/flows/101a6aaf-1ab1-4052-a50b-b0ff4b18c1d3","type":"Microsoft.Flow/flows","properties":{"apiId":"/providers/Microsoft.PowerApps/apis/shared_logicflows","displayName":"Outlook Calendar Flow - J1 Test","definition":{"metadata":{"workflowEntityId":null,"processAdvisorMetadata":null,"flowChargedByPaygo":null,"flowclientsuspensionreason":"None","flowclientsuspensiontime":null,"flowclientsuspensionreasondetails":null,"creator":{"id":"788383aa-c622-4d8f-a8b6-41abf8cc505b","type":"User","tenantId":"102d0191-eeae-4761-b1cb-1a83e86ef445"},"provisioningMethod":"FromDefinition","failureAlertSubscription":true,"clientLastModifiedTime":"2025-02-04T16:05:48.4527135Z","connectionKeySavedTimeKey":"2025-02-04T16:05:48.4527135Z"},"$schema":"https://schema.management.azure.com/providers/Microsoft.Logic/schemas/2016-06-01/workflowdefinition.json#","contentVersion":"1.0.0.0","parameters":{"$connections":{"defaultValue":{},"type":"Object"},"$authentication":{"defaultValue":{},"type":"SecureObject"}},"triggers":{"When_an_event_is_added,_updated_or_deleted_(V3)":{"recurrence":{"interval":5,"frequency":"Minute"},"splitOn":"@triggerOutputs()?['body/value']","metadata":{"operationMetadataId":"ca54cda7-2535-4ff2-b6f2-76ffc0eac14e"},"type":"OpenApiConnection","inputs":{"host":{"apiId":"/providers/Microsoft.PowerApps/apis/shared_office365","connectionName":"shared_office365","operationId":"CalendarGetOnChangedItemsV3"},"parameters":{"table":"AAMkAGQzY2QxMDRlLWQxZDctNDMwZi1iYWIzLTVhMzEzNDQ4MDE1ZgBGAAAAAADydUjwPwYWSrNO6KIHHLCxBwAlxr96N1igS74x0Y1qI0zGAAAAAAEGAAAlxr96N1igS74x0Y1qI0zGAAGTv4IzAAA="},"authentication":"@parameters('$authentication')"}}},"actions":{"Terminate":{"runAfter":{"Switch":["Succeeded"]},"metadata":{"operationMetadataId":"41d195fa-7238-468d-a9ca-80267883177f"},"type":"Terminate","inputs":{"runStatus":"Succeeded"}},"Switch":{"runAfter":{},"cases":{"Case":{"case":"added","actions":{"Create_item":{"runAfter":{},"metadata":{"operationMetadataId":"dd220e7a-e462-4b16-b790-66e8616d95ed"},"type":"OpenApiConnection","inputs":{"host":{"apiId":"/providers/Microsoft.PowerApps/apis/shared_sharepointonline","connectionName":"shared_sharepointonline","operationId":"PostItem"},"parameters":{"dataset":"https://dod365.sharepoint-mil.us/sites/JECC-HQ-DEV","table":"JECC_Battle_Rhythm_Calendar_Test","item/Title":"@triggerOutputs()?['body/subject']","item/EventDate":"@triggerOutputs()?['body/startWithTimeZone']","item/EndDate":"@triggerOutputs()?['body/endWithTimeZone']","item/CalendarName/Value":"J1","item/EventID":"@triggerOutputs()?['body/id']"},"authentication":"@parameters('$authentication')"}}}},"Case_2":{"case":"updated","actions":{"Send_an_HTTP_request_to_SharePoint":{"runAfter":{},"metadata":{"operationMetadataId":"2e8fad7b-5818-406f-91c4-b62db0a5d206"},"type":"OpenApiConnection","inputs":{"host":{"apiId":"/providers/Microsoft.PowerApps/apis/shared_sharepointonline","connectionName":"shared_sharepointonline","operationId":"HttpRequest"},"parameters":{"dataset":"https://dod365.sharepoint-mil.us/sites/JECC-HQ-DEV","parameters/method":"GET","parameters/uri":"_api/web/lists/GetByTitle('JECC_Battle_Rhythm_Calendar_Test')/items?$filter=EventID eq '@{triggerOutputs()?['body/id']}'"},"authentication":"@parameters('$authentication')"}},"Parse_JSON":{"runAfter":{"Send_an_HTTP_request_to_SharePoint":["Succeeded"]},"metadata":{"operationMetadataId":"bdfac279-ffdf-44df-844e-7701c89e2530"},"type":"ParseJson","inputs":{"content":"@body('Send_an_HTTP_request_to_SharePoint')","schema":{"type":"object","properties":{"d":{"type":"object","properties":{"results":{"type":"array","items":{"type":"object","properties":{"__metadata":{"type":"object","properties":{"id":{"type":"string"},"uri":{"type":"string"},"etag":{"type":"string"},"type":{"type":"string"}}},"FirstUniqueAncestorSecurableObject":{"type":"object","properties":{"__deferred":{"type":"object","properties":{"uri":{"type":"string"}}}}},"RoleAssignments":{"type":"object","properties":{"__deferred":{"type":"object","properties":{"uri":{"type":"string"}}}}},"AttachmentFiles":{"type":"object","properties":{"__deferred":{"type":"object","properties":{"uri":{"type":"string"}}}}},"ContentType":{"type":"object","properties":{"__deferred":{"type":"object","properties":{"uri":{"type":"string"}}}}},"GetDlpPolicyTip":{"type":"object","properties":{"__deferred":{"type":"object","properties":{"uri":{"type":"string"}}}}},"FieldValuesAsHtml":{"type":"object","properties":{"__deferred":{"type":"object","properties":{"uri":{"type":"string"}}}}},"FieldValuesAsText":{"type":"object","properties":{"__deferred":{"type":"object","properties":{"uri":{"type":"string"}}}}},"FieldValuesForEdit":{"type":"object","properties":{"__deferred":{"type":"object","properties":{"uri":{"type":"string"}}}}},"File":{"type":"object","properties":{"__deferred":{"type":"object","properties":{"uri":{"type":"string"}}}}},"Folder":{"type":"object","properties":{"__deferred":{"type":"object","properties":{"uri":{"type":"string"}}}}},"LikedByInformation":{"type":"object","properties":{"__deferred":{"type":"object","properties":{"uri":{"type":"string"}}}}},"ParentList":{"type":"object","properties":{"__deferred":{"type":"object","properties":{"uri":{"type":"string"}}}}},"Properties":{"type":"object","properties":{"__deferred":{"type":"object","properties":{"uri":{"type":"string"}}}}},"Versions":{"type":"object","properties":{"__deferred":{"type":"object","properties":{"uri":{"type":"string"}}}}},"FileSystemObjectType":{"type":"integer"},"Id":{"type":"integer"},"ServerRedirectedEmbedUri":{},"ServerRedirectedEmbedUrl":{"type":"string"},"ContentTypeId":{"type":"string"},"Title":{"type":"string"},"OData__ColorTag":{},"ComplianceAssetId":{},"Location":{},"Geolocation":{},"EventDate":{"type":"string"},"EndDate":{"type":"string"},"Description":{},"fAllDayEvent":{},"fRecurrence":{"type":"boolean"},"ParticipantsPickerId":{},"ParticipantsPickerStringId":{},"Category":{},"FreeBusy":{},"Overbook":{},"BannerUrl":{},"BannerImageUrl":{},"CalendarName":{"type":"string"},"EventID":{"type":"string"},"UpdateFromSharePoint":{"type":"boolean"},"ID":{"type":"integer"},"Modified":{"type":"string"},"Created":{"type":"string"},"AuthorId":{"type":"integer"},"EditorId":{"type":"integer"},"OData__UIVersionString":{"type":"string"},"Attachments":{"type":"boolean"},"GUID":{"type":"string"}},"required":["__metadata","FirstUniqueAncestorSecurableObject","RoleAssignments","AttachmentFiles","ContentType","GetDlpPolicyTip","FieldValuesAsHtml","FieldValuesAsText","FieldValuesForEdit","File","Folder","LikedByInformation","ParentList","Properties","Versions","FileSystemObjectType","Id","ServerRedirectedEmbedUri","ServerRedirectedEmbedUrl","ContentTypeId","Title","OData__ColorTag","ComplianceAssetId","Location","Geolocation","EventDate","EndDate","Description","fAllDayEvent","fRecurrence","ParticipantsPickerId","ParticipantsPickerStringId","Category","FreeBusy","Overbook","BannerUrl","BannerImageUrl","CalendarName","EventID","UpdateFromSharePoint","ID","Modified","Created","AuthorId","EditorId","OData__UIVersionString","Attachments","GUID"]}}}}}}}},"For_each":{"foreach":"@outputs('Parse_JSON')?['body']?['d']?['results']","actions":{"Update_item_2":{"runAfter":{},"metadata":{"operationMetadataId":"e457b751-719d-4195-b808-c17eb4bcd2ce"},"type":"OpenApiConnection","inputs":{"host":{"apiId":"/providers/Microsoft.PowerApps/apis/shared_sharepointonline","connectionName":"shared_sharepointonline","operationId":"PatchItem"},"parameters":{"dataset":"https://dod365.sharepoint-mil.us/sites/JECC-HQ-DEV","table":"JECC_Battle_Rhythm_Calendar_Test","id":"@item()?['Id']","item/Title":"@triggerOutputs()?['body/subject']","item/EventDate":"@triggerOutputs()?['body/startWithTimeZone']","item/EndDate":"@triggerOutputs()?['body/endWithTimeZone']","item/UpdateFromSharePoint":false,"item/CalendarName/Value":"J1"},"authentication":"@parameters('$authentication')"}}},"runAfter":{"Parse_JSON":["Succeeded"]},"metadata":{"operationMetadataId":"9fdca5f1-7e70-4878-9c29-774dca132e1b"},"type":"Foreach"}}},"Case_3":{"case":"deleted","actions":{"Send_an_HTTP_request_to_SharePoint_1":{"runAfter":{},"metadata":{"operationMetadataId":"b5e84c72-365d-47f2-97e3-42c3fbdef2de"},"type":"OpenApiConnection","inputs":{"host":{"apiId":"/providers/Microsoft.PowerApps/apis/shared_sharepointonline","connectionName":"shared_sharepointonline","operationId":"HttpRequest"},"parameters":{"dataset":"https://dod365.sharepoint-mil.us/sites/JECC-HQ-DEV","parameters/method":"GET","parameters/uri":"_api/web/lists/GetByTitle('JECC_Battle_Rhythm_Calendar_Test')/items?$filter=EventID eq '@{triggerOutputs()?['body/id']}'"},"authentication":"@parameters('$authentication')"}},"Parse_JSON_1":{"runAfter":{"Send_an_HTTP_request_to_SharePoint_1":["Succeeded"]},"metadata":{"operationMetadataId":"33fd0e6a-7910-49af-98dd-70a851a4ae90"},"type":"ParseJson","inputs":{"content":"@body('Send_an_HTTP_request_to_SharePoint_1')","schema":{"type":"object","properties":{"d":{"type":"object","properties":{"results":{"type":"array","items":{"type":"object","properties":{"__metadata":{"type":"object","properties":{"id":{"type":"string"},"uri":{"type":"string"},"etag":{"type":"string"},"type":{"type":"string"}}},"FirstUniqueAncestorSecurableObject":{"type":"object","properties":{"__deferred":{"type":"object","properties":{"uri":{"type":"string"}}}}},"RoleAssignments":{"type":"object","properties":{"__deferred":{"type":"object","properties":{"uri":{"type":"string"}}}}},"AttachmentFiles":{"type":"object","properties":{"__deferred":{"type":"object","properties":{"uri":{"type":"string"}}}}},"ContentType":{"type":"object","properties":{"__deferred":{"type":"object","properties":{"uri":{"type":"string"}}}}},"GetDlpPolicyTip":{"type":"object","properties":{"__deferred":{"type":"object","properties":{"uri":{"type":"string"}}}}},"FieldValuesAsHtml":{"type":"object","properties":{"__deferred":{"type":"object","properties":{"uri":{"type":"string"}}}}},"FieldValuesAsText":{"type":"object","properties":{"__deferred":{"type":"object","properties":{"uri":{"type":"string"}}}}},"FieldValuesForEdit":{"type":"object","properties":{"__deferred":{"type":"object","properties":{"uri":{"type":"string"}}}}},"File":{"type":"object","properties":{"__deferred":{"type":"object","properties":{"uri":{"type":"string"}}}}},"Folder":{"type":"object","properties":{"__deferred":{"type":"object","properties":{"uri":{"type":"string"}}}}},"LikedByInformation":{"type":"object","properties":{"__deferred":{"type":"object","properties":{"uri":{"type":"string"}}}}},"ParentList":{"type":"object","properties":{"__deferred":{"type":"object","properties":{"uri":{"type":"string"}}}}},"Properties":{"type":"object","properties":{"__deferred":{"type":"object","properties":{"uri":{"type":"string"}}}}},"Versions":{"type":"object","properties":{"__deferred":{"type":"object","properties":{"uri":{"type":"string"}}}}},"FileSystemObjectType":{"type":"integer"},"Id":{"type":"integer"},"ServerRedirectedEmbedUri":{},"ServerRedirectedEmbedUrl":{"type":"string"},"ContentTypeId":{"type":"string"},"Title":{"type":"string"},"OData__ColorTag":{},"ComplianceAssetId":{},"Location":{},"Geolocation":{},"EventDate":{"type":"string"},"EndDate":{"type":"string"},"Description":{},"fAllDayEvent":{},"fRecurrence":{"type":"boolean"},"ParticipantsPickerId":{},"ParticipantsPickerStringId":{},"Category":{},"FreeBusy":{},"Overbook":{},"BannerUrl":{},"BannerImageUrl":{},"CalendarName":{"type":"string"},"EventID":{"type":"string"},"ID":{"type":"integer"},"Modified":{"type":"string"},"Created":{"type":"string"},"AuthorId":{"type":"integer"},"EditorId":{"type":"integer"},"OData__UIVersionString":{"type":"string"},"Attachments":{"type":"boolean"},"GUID":{"type":"string"}},"required":["__metadata","FirstUniqueAncestorSecurableObject","RoleAssignments","AttachmentFiles","ContentType","GetDlpPolicyTip","FieldValuesAsHtml","FieldValuesAsText","FieldValuesForEdit","File","Folder","LikedByInformation","ParentList","Properties","Versions","FileSystemObjectType","Id","ServerRedirectedEmbedUri","ServerRedirectedEmbedUrl","ContentTypeId","Title","OData__ColorTag","ComplianceAssetId","Location","Geolocation","EventDate","EndDate","Description","fAllDayEvent","fRecurrence","ParticipantsPickerId","ParticipantsPickerStringId","Category","FreeBusy","Overbook","BannerUrl","BannerImageUrl","CalendarName","EventID","ID","Modified","Created","AuthorId","EditorId","OData__UIVersionString","Attachments","GUID"]}}}}}}}},"For_each_1":{"foreach":"@outputs('Parse_JSON_1')?['body']?['d']?['results']","actions":{"Delete_item":{"runAfter":{},"metadata":{"operationMetadataId":"ad4f52ba-ead9-4407-9595-6299bd982483"},"type":"OpenApiConnection","inputs":{"host":{"apiId":"/providers/Microsoft.PowerApps/apis/shared_sharepointonline","connectionName":"shared_sharepointonline","operationId":"DeleteItem"},"parameters":{"dataset":"https://dod365.sharepoint-mil.us/sites/JECC-HQ-DEV","table":"JECC_Battle_Rhythm_Calendar_Test","id":"@items('For_each_1')?['Id']"},"authentication":"@parameters('$authentication')"}}},"runAfter":{"Parse_JSON_1":["Succeeded"]},"metadata":{"operationMetadataId":"951e8011-ca15-49e8-9f4c-5677ffdeb642"},"type":"Foreach"}}}},"default":{"actions":{}},"expression":"@triggerOutputs()?['body/ActionType']","metadata":{"operationMetadataId":"5870f116-e960-4f69-bcb9-f4f71d9d63cd"},"type":"Switch"}},"outputs":{}},"connectionReferences":{"shared_sharepointonline":{"connectionName":"15892d60f7f64d1fb668fe87176ba60c","source":"Embedded","id":"/providers/Microsoft.PowerApps/apis/shared_sharepointonline","tier":"NotSpecified","apiName":"sharepointonline"},"shared_office365":{"connectionName":"8c1989691cff474e8cd7ffa62e5b6f07","source":"Embedded","id":"/providers/Microsoft.PowerApps/apis/shared_office365","tier":"NotSpecified","apiName":"office365"}},"flowFailureAlertSubscribed":false,"isManaged":false}}