{"schemaVersion":"1.0","appDefinitionTemplate":{"id":"/providers/Microsoft.PowerApps/apps/","type":"Microsoft.PowerApps/apps","tags":{"primaryDeviceWidth":"1366","primaryDeviceHeight":"768","supportsPortrait":"true","supportsLandscape":"true","primaryFormFactor":"Tablet","showStatusBar":"false","publisherVersion":"3.24074.14","minimumRequiredApiVersion":"2.2.0","hasComponent":"true","hasUnlockedComponent":"true","isUnifiedRootApp":"false","sienaVersion":"20240815T123506Z-3.24074.14.0"},"properties":{"appVersion":"2024-08-15T12:35:06Z","lifeCycleId":"Published","createdByClientVersion":{"major":3,"minor":24074,"build":14,"revision":0,"majorRevision":0,"minorRevision":0},"minClientVersion":{"major":3,"minor":24074,"build":14,"revision":0,"majorRevision":0,"minorRevision":0},"backgroundColor":"rgba(255, 255, 255, 1)","backgroundImageUri":"/12761508351564740736/Nf43f3636-fbe3-4372-925d-231e3e21f8a7-logoSmallFile","displayName":"Combatant Commanders Meeting Request App - Dev","description":"","commitMessage":"","appUris":{"documentUri":{"value":"/12761508351564740736/Nbabb33bb-e18b-4372-b35e-7a7c9a953a05-document.msapp"},"imageUris":[],"additionalUris":[{"isSolutionAware":false,"value":"/12761508351564740736/N6a6e4e84-c103-4966-a8f2-6786a848a1c2-identity.json"}]},"createdTime":"0001-01-01T00:00:00Z","lastModifiedTime":"0001-01-01T00:00:00Z","sharedGroupsCount":0,"sharedUsersCount":0,"connectionReferences":{"e74865e3-ebaa-4122-866c-a79f14316781":{"id":"fe3bda03-bb5b-4ba4-acbe-82f79b5b5825","displayName":"SharePoint","iconUri":"https://connectoricons-prod.azureedge.net/u/jayawan/releases/v1.0.1697/1.0.1697.3786/sharepointonline/icon.png","dataSources":["Conference Room Reservation List","EmailFromKMOrgBox","DEVCombatantCampaignPlan(CCP)","DEVDirectorates/Offices/Groups","DEVMeetingRequests","DEVSeniorLeaderReferenceTable","Meeting Request","Senior Leader Table Reference","Directorates/Offices/Groups","Conference Room Reservation List_1","CombatantCampaignPlan(CCP)","Conference Room Buildings","ConceptPapers"],"dependencies":[],"dependents":[],"parameterHints":{},"parameterHintsV2":{},"isOnPremiseConnection":false,"bypassConsent":false,"dataSets":{"https://dod365.sharepoint-mil.us/sites/TRANSCOM-FMS":{"dataSources":{"Conference Room Reservation List":{"tableName":"59ea5925-4061-4a66-ac24-df4f64252efc"}}},"https://dod365.sharepoint-mil.us/sites/TRANSCOM-DevSite":{"dataSources":{"DEVCombatantCampaignPlan(CCP)":{"tableName":"0b314e72-4dae-478f-92a0-1913c3697a89"},"DEVDirectorates/Offices/Groups":{"tableName":"d23ed7da-a62f-4b9c-a9e3-81c32c969cd5"},"DEVMeetingRequests":{"tableName":"3385a98e-536b-4dab-9f5b-ed45a308bfb5"},"DEVSeniorLeaderReferenceTable":{"tableName":"6ddfaf6b-f02e-4080-9632-178546333abf"}}},"https://dod365.sharepoint-mil.us/sites/USSOUTHCOM-J2DEVSITE":{"dataSources":{"Meeting Request":{"tableName":"b92281af-baa0-4244-bab8-de600f894e65"},"Senior Leader Table Reference":{"tableName":"c4ad496c-ec51-499d-b832-d2fe60e0896a"},"Directorates/Offices/Groups":{"tableName":"cc3ba871-e541-452c-ad78-99ce507e8f71"},"Conference Room Reservation List_1":{"tableName":"fd3bf82f-adaa-492b-932d-672fa50fa720"},"CombatantCampaignPlan(CCP)":{"tableName":"14db91be-ff83-46bb-b293-85e14a87fd96"},"Conference Room Buildings":{"tableName":"df4b831c-239a-4013-90a8-44b684476ef5"},"ConceptPapers":{"tableName":"d25aa26e-2430-471a-bfc4-11f1b5ac6ca1"}}}},"apiTier":"Standard","isCustomApiConnection":false,"actions":["providers/PowerPlatform.Governance/Operations/Read","providers/PowerPlatform.Governance/Operations/Write"]},"90b4652c-2b68-4320-a133-5d942c50a586":{"id":"df2b2f5c-522d-49b6-a89a-54fea2e26b97","displayName":"Office 365 Users","iconUri":"https://connectoricons-prod.azureedge.net/releases/v1.0.1702/1.0.1702.3810/office365users/icon.png","dataSources":["Office365Users"],"dependencies":[],"dependents":[],"parameterHints":{},"parameterHintsV2":{},"isOnPremiseConnection":false,"bypassConsent":false,"dataSets":{},"apiTier":"Standard","isCustomApiConnection":false,"actions":["SearchUser"]},"dd1b0932-9bb7-4466-b744-3a72ba8b81c3":{"id":"3c4318c2-5fee-45bf-bdb3-7bf86a510365","displayName":"Logic flows","iconUri":"https://connectoricons-prod.azureedge.net/u/patelronak/specialtrain-logicflows-2/1.0.1692.3734/logicflows/icon.png","dataSources":["RequestFlowTest"],"dependencies":["ec0147ae-b3ed-4c60-970e-c386cee875a3"],"dependents":[],"parameterHints":{"workflowName":{"value":"c1490102-b3df-45ab-a6d2-2ebc52ff8830"},"workflowEntityId":{},"workflowDisplayName":{"value":"Request Flow Test"},"ec0147ae-b3ed-4c60-970e-c386cee875a3":{"value":"shared_office365"}},"parameterHintsV2":{"workflowName":{"value":"c1490102-b3df-45ab-a6d2-2ebc52ff8830"},"workflowEntityId":{},"workflowDisplayName":{"value":"Request Flow Test"},"shared_office365":{"value":"ec0147ae-b3ed-4c60-970e-c386cee875a3"}},"isOnPremiseConnection":false,"bypassConsent":false,"dataSets":{},"apiTier":"Standard","isCustomApiConnection":false,"actions":["Run"]},"ec0147ae-b3ed-4c60-970e-c386cee875a3":{"id":"960e5cb7-dae8-4943-aa17-b775216b1fdf","displayName":"Office 365 Outlook","iconUri":"https://connectoricons-prod.azureedge.net/releases/v1.0.1686/1.0.1686.3706/office365/icon.png","dataSources":[],"dependencies":[],"dependents":["dd1b0932-9bb7-4466-b744-3a72ba8b81c3"],"parameterHints":{},"parameterHintsV2":{},"isOnPremiseConnection":false,"bypassConsent":false,"dataSets":{},"apiTier":"Standard","isCustomApiConnection":false},"a9afba45-c563-4e2c-950d-08039d564c23":{"id":"68134fb7-bdec-4341-a54d-2d36dcb6749a","displayName":"Office 365 Groups","iconUri":"https://connectoricons-prod.azureedge.net/releases/v1.0.1681/1.0.1681.3663/office365groups/icon.png","dataSources":["Office365Groups"],"dependencies":[],"dependents":[],"parameterHints":{},"parameterHintsV2":{},"isOnPremiseConnection":false,"bypassConsent":false,"dataSets":{},"apiTier":"Standard","isCustomApiConnection":false,"actions":["ListOwnedGroups_V3"]},"d12d1248-db7f-4cff-9357-22d6e4948d5a":{"id":"3c4318c2-5fee-45bf-bdb3-7bf86a510365","displayName":"Logic flows","iconUri":"https://connectoricons-prod.azureedge.net/u/patelronak/specialtrain-logicflows-2/1.0.1692.3734/logicflows/icon.png","dataSources":["CreateCMDRConceptPapers"],"dependencies":[],"dependents":[],"parameterHints":{"workflowName":{"value":"80dfaaa1-66cb-4c40-af25-53e3211fef91"},"workflowEntityId":{},"workflowDisplayName":{"value":"Create CMDR Concept Papers"}},"parameterHintsV2":{"workflowName":{"value":"80dfaaa1-66cb-4c40-af25-53e3211fef91"},"workflowEntityId":{},"workflowDisplayName":{"value":"Create CMDR Concept Papers"}},"isOnPremiseConnection":false,"bypassConsent":false,"dataSets":{},"apiTier":"Standard","isCustomApiConnection":false,"actions":["Run"]}},"databaseReferences":{},"almMode":"Environment","performanceOptimizationEnabled":true,"canConsumeAppPass":true,"enableModernRuntimeMode":false,"executionRestrictions":{"isTeamsOnly":false,"dataLossPreventionEvaluationResult":{"status":"Compliant","lastEvaluationDate":"2024-06-25T18:37:14.749933Z","violations":[],"violationsByPolicy":[],"violationErrorMessage":"The app uses the following connectors: shared_sharepointonline, shared_office365users."}}},"appType":"ClassicCanvasApp","appComponents":[]}}