{"__Version":"0.1","App":"84f2eb7e-8e55-45de-b982-3a2fa29cbde2","Test_7F478737223C4B69":"814dfa9e-0160-46ae-9aae-238c404e1f21","HeaderComponent":"ca69be85-cde2-4030-9a5b-193bd66a717b","HeaderTitle":"b6c92012-e261-474d-a22f-fcc5eb2f0207","Image2":"f6246b68-5c48-4be1-8e29-b6e2bdaf09e2","ClassificationBanner":"06e18f40-a929-4372-b355-a3870162c344","Image2_1":"efbf69be-bd54-4d7a-b8fe-d9d2b863a473","HomeIcon_3":"dd7a72ff-84d7-4506-b11b-0f9f392cad33","Subheader":"ecabcbec-0ee2-45b5-859c-4825f5638b91","FooterComponent":"595021ea-bd5e-4bef-8e2b-bd31df1f678f","KMSupport":"cc257de6-705c-4fa8-a9a7-907829fbb78c","ClassificationBannerFooter":"1f109afd-a912-4ce0-9bea-b19399258875","LandingPage":"2fddbe2e-25d3-450f-9395-998c8d559be4","HeaderComponent_LandingPage":"087f9864-3155-4373-93eb-4e5771aafa26","InfoPopUpIcon":"983e7d76-4218-4817-96aa-ac246e24a30f","Functions - Not Visible":"89817afb-20b9-41b0-9a4e-c67787b1a189","RESET_FORM":"8d7d0bdb-6d39-40c7-81be-c164a03676f0","Navigation Area":"96efc8ae-af2e-409f-831c-a82a5ecc30c5","3rdDeckButtonSpace":"14529a80-3f87-48aa-bf97-f0b95cc086a6","3rdDeckRequestLabel":"07fd27e8-7913-48a5-af88-c55ba1ad4581","3rdDeckSubLabel":"ed171c23-d3b9-471e-ac6f-e3d40af77866","3rdDeckSeniorLeaders":"371be828-48f1-4e3d-9ab4-fa93049c21d8","galleryTemplate2":"cbc6cdfa-353a-4b5f-9671-a8aeef75f08a","SelectSeniorLeaderButton":"e207c7db-27f2-4c83-a61c-08c87546365c","ReviewItems":"afba2c29-26c7-4ed6-83b7-c7e853d27aee","ReviewLabel":"ae63eaec-0560-445e-94cb-a1ba3845470c","ReviewSubLabel":"fa4a99f7-1085-4ade-8bea-5e8978305ed8","ReviewButton":"03087288-1a1d-47ff-b9b9-9e5e02b48bf9","JDIRButtonSpace":"095b4e12-8002-457e-a5a6-8544f23a51e6","JDIRButtons":"96f72efb-0512-47fb-9f02-0831a762de01","JDIRSelectionLabel":"4c5f3225-7528-4048-80cb-689eb68836ab","JDIRSeniorLeaderLabel":"456be98e-9c8b-4918-927f-9716ece9576d","JDIRDropdown":"54717e08-49f5-4d24-987d-c74ae536ed08","JDIRSeniorLeaderDropdown":"99f191ff-462a-42cb-ad85-e856c3934e9a","JDIRStartRequestButton":"e5dcde73-c1b0-458f-8509-1b7d70538acd","JDIRRequestLabel":"3853ccd6-9662-42f6-b3fd-39d17484af95","JDIRSubLabel":"a7779abb-c43c-4510-8183-49a65b82fb75","InfoPopUp":"3be7d2b2-3be2-452b-b8de-739a0d7e5736","Resources":"ac3743bf-2b50-4ed4-8999-f32b30f3e8df","HelpfulResourcesLabel":"be4b9aaa-96b2-4324-8366-1a254599f30e","AOToolkitImage":"6bc11003-0df9-410c-b710-98028f143d35","ConferenceRoomImage":"c20bda21-8b7a-4fb8-8c8e-ef7a42b80178","OrgChartImage":"3f95b596-3b88-4d8e-b49c-91f70e6fa23f","AOToolkitLabel":"02f6985b-ab5e-4284-a1cd-0aa483ec903a","ConferenceRoomLabel":"c7b45370-a4f7-4a64-b6ac-4d5e92daf81d","OrgChartLabel":"366ce22d-35e9-4a9f-81f5-95e16f00f465","FooterComponent_LandingPage":"5c068273-ac0c-47dd-ac8a-e1b6532a1976","Success":"f7655fac-51f7-4cde-a22a-cebd599f9ca9","FooterComponent_Success":"ec492343-ef8b-450c-8b08-248ecb3d8a3f","HeaderComponent_Success":"408f8c4c-6378-4023-8f7b-26dbaf2328d1","GoToPreviouslyEnteredMeetings_1":"56c2d497-0925-49f5-814e-4882d22b5c3c","SuccessBody":"aeea0c37-9b46-4a06-ace3-c3643319c781","GoToPreviouslyEnteredMeetingsNOACTION":"26097a82-0620-4d38-b481-edef6e7f94ab","NewFormScreen":"0786513f-d7aa-4559-abc8-90403e359744","HeaderComponent_NewFormScreen":"76618bd7-c102-4d23-9962-1808dc3672de","PopUpInfo":"130776f1-e476-4370-9ebf-6c661fb248b9","PopUpInfoClose":"361a38b5-4061-4b3f-bfe0-2a0dd0c5ccea","HtmlText1":"adfd4fb4-8ae2-41bb-982b-3165f32df06b","PopUpInput":"e7e91c4b-0dc6-4f84-8e71-2c6842a3fa89","PopUpInput-JDIRAttendees":"d76aa53f-b6fc-4a6e-a707-1fe79f41e749","JDIRAttendeeLabel":"bbef841b-41f8-4af5-82ab-6c298d843eb6","JDIRAttendeesGallery":"b151271f-ddb9-4002-8a1f-691867a7c24f","galleryTemplate7_1":"f7be70a6-ed21-4b12-8a4e-5c199168cfb6","JDIRAttendeeCheckbox":"20b4bfa7-d9a5-449a-ba44-bb82081e56aa","JDIRBottomSeparator":"955b6969-cb71-4922-9ec0-442a0c798ea2","PopUpInput-OOT\u0026IndividualAttendees":"b5940829-4e28-4f8a-824f-56625eb88d28","OutOfTownAttendeesPopUpTitle":"d0188f65-db30-4b18-8bbe-0d5a0e6f3478","OutOfTownAttendeesInputInstructions":"fd755f94-c97b-4e80-9040-0adfe611d72b","OutOfTownAttendeesGalleryHeader":"20000008-ddfc-4b3e-915d-7f42abe1f239","OutOfTownAttendeesGallery":"a4622839-4b76-4277-92da-ae9cdd2c9b16","galleryTemplate3_2":"9c1b3797-7360-429a-8a8b-18e2e4d8efb3","OutOfTownDepartment\u0026JobTitle":"cf27d895-0077-4b26-9a80-b2c62b888559","DeleteOOTAttendees":"6c31a5f4-d1d7-4a18-91bb-c5457c578ad2","OutOfTownDisplayName":"78074354-7ee8-40fb-89db-13946701423b","editOOTAttendee":"a9c2d59c-9974-4ee4-b8e2-35be23b38bd0","OutOfTownEmail":"acbcb86b-eac3-4c48-9798-c2a81283d84d","DeleteIconNoACTION":"473b35d6-c9ce-4835-bcc4-27e5b29859df","EditIconNoACTION":"de149b4b-64f6-4d9e-be58-a6e90f5cef63","CloseIconNoACTION":"743fb5d9-078d-46c5-9ba1-2c15bd21e88b","OutOfTownAttendeesCombo":"3d7a11b5-8403-4198-9176-d36ccc9d9c27","OutOfTownAttendeeForm":"a7205fdf-e603-4899-8fea-5d47c693c9b1","OutOfTownDisplayNameLabel_1":"ff7aee0b-f136-41e8-bf8e-3d8a018e0f7b","OutOfTownDisplayNameLabel":"53814544-ac3d-4b86-8465-39a24e71a7b7","OutOfTownJobTitleLabel":"3b5b3a88-a910-4922-a280-48a055f43c1b","OutOfTownDisplayNameInput":"84a794b4-c5a4-4897-98dc-07c0951e17bc","OutOfTownJobTitleInput":"8334a96f-a9b1-48fb-a25e-796fe6530096","OutOfTownEmailLabel":"2e639a8a-e3c3-41eb-b02a-8494b5fa11d3","OutOfTownDepartmentLabel":"35d660d5-0fff-4e89-9aad-e152607ea285","OutOfTownEmailInput":"eada16c2-aebd-4f4c-96de-f44ea84ed41a","OutOfTownDepartmentInput":"ebdc18df-0d54-42df-8c53-8787e983cf90","Label1":"42ec5763-94a9-4c87-963a-e18bd8755a50","SubmitOutOfTownAttendeeButton":"7aaddcef-4d52-4e29-94c1-a9bcdafcf76b","IconAddOutOfTownAttendee":"2e31dfb1-a3e4-410c-b750-3f8014f39acd","PopUpInput-IMOs":"56fdf46c-1956-40d4-9969-016a79a278cb","IMOPopUpTitle":"834a5744-f750-472f-a795-ad46ad12bcd8","LOEGalleryHeader":"b91d73d8-4504-4237-93b6-d7edd3dba96a","IMOGalleryHeader":"2aa85cbc-a005-4933-bfd0-84365bd95e69","IMOGallery":"739f29d1-6057-4599-873b-59f0894080d6","galleryTemplate5_1":"dd455253-4e37-4bed-b031-2c61e9120023","IMOName":"93f89e17-282e-4f76-a463-e9be3df504c6","ToggleToSelectIMO":"9e674b52-24ec-446c-8f2f-fef0d19bc337","IMOSeparator":"d538517c-3381-456f-9d5f-5a7c3a5b48f3","LOEGallery":"a154f3cc-a77f-4654-8914-b39dabeca0ce","galleryTemplate3_1":"6341f2d0-b222-4b61-af79-df89d49a8a71","LOEArrowToIMOs":"db5c9d53-f616-4512-bf5c-3e595406d31b","LOEName":"15922472-cc2e-4795-a271-cf1964aafd91","LOESeparator":"e45a38c4-9e59-4066-b846-087ec35d19fb","SelectedIMOsHeader":"406c34d1-84d1-4b53-b23f-72abd12cedd3","SelectedIMOsHTMLTextBox":"28b256e3-4cbb-4a6e-842a-d21a611d4051","PopUpInput-Location":"6012265f-4e77-4dfe-9d1e-ebf36af3d527","LocationPopUpTitle":"55fe2c2f-7024-4d20-b262-07d4acf40ff9","RoomGalleryHeader":"5593e1aa-2a69-4606-88db-95cc727bd51b","SelectedLocationTitle":"f98482fb-ce3c-4c3f-9a96-4cb19e44c3fc","OfficeCallCheckBox":"c0ebfd8f-6867-4379-90f3-ae1c695caa2a","LocationRooms":"7acfe5ce-caba-44b5-acb1-d782998617ef","galleryTemplate5_2":"a66051ab-3235-4b72-9e46-439d1b1db5a3","Title5_3":"6774a9f3-1d70-4d36-aa98-f3f088a98b6d","Map":"e36f8e96-b146-4df5-8b0c-6ec672877035","RoomOccupancy":"2a39c0f3-0c2b-446b-90cc-e628e07128da","RoomSecurityLevel":"c04b1f57-8020-49e9-83c4-8b630a9c24c2","Separator11_2":"3e147986-093a-44ad-814b-da6c1fffe568","SelectedLocationMap":"e5b90be6-4363-43a7-af3b-4c24037bdeb7","BuildingGalleryHeader":"a75961b4-e8ea-4821-a917-fd6197f1f7c2","LocationBuildings":"e50c6370-d84d-4499-a99d-78edfaea7f00","galleryTemplate3_3":"e990d96e-43cd-43f1-8c60-f6b7714f4919","NextArrow5_2":"d5b7b87b-964c-4b48-a605-6eab630f6df1","Title5_2":"1fe57a74-9771-47dc-a59c-669989d42ea0","Separator7_2":"5e1babc0-9b61-4f3e-9033-b96d5a37d03a","PopUpInputClose":"acea52e6-0873-49f7-8d27-f2b2bd525d3e","FormEntryAndButtons":"b1aee724-1fc0-4dc1-aa3b-9a71f622c5b1","FormRow0":"8e9632e1-2054-4d1c-8ecb-cb44db13629f","FormRow1":"5e3e8140-9623-4000-bd67-e2bccd8bdc76","SubjectInputContainer":"50aa611a-bb45-4c43-acd7-641a5d701682","RequiredStar":"8eb782c5-da87-41dc-bfd7-36109a432532","SubjectLabel":"d26a1261-40a7-468e-b12a-7acfc6493afd","SubjectInput":"36debfe5-90c2-4003-b3d8-a0822f48fb64","LocationInputContainer":"9be7bc89-d672-4c88-bc4d-370ef28c9e73","LocationLabel":"510812d0-3f5d-4d48-bdf4-99cd5d12d597","AddJDIRAttendeeIcon_1":"4ed1f743-84f9-4030-af5e-bf9bc878003b","SelectedJDIRAttendees_1":"72bd95a1-ab52-4364-850a-b2b2eef9d910","PurposeContainer":"ee79c206-c77d-4510-a023-39db5ab876c0","PurposeRequiredStar":"ae2599f1-670e-4d37-8a33-61e72cd0f926","PurposeLabel":"b64a7a41-bf67-46f9-aa24-d577bd76e94f","PurposeInput":"be2149ae-7cf5-4555-a3a1-7fed5c64f8c0","HorizontalSeparator1":"b51c1358-19b6-4279-8e11-3e02fd667e36","FormRow2":"d1677803-6bfe-4545-9f3d-721ccb650249","RequestedDateTimeContainer":"625c3f47-814a-4a65-9e7e-b9157f409b60","RequestedDateRequiredStar":"4fd2cdc0-8c0d-416c-a25b-cc5a822090e7","RequestedDateTimeLabel":"e8b1ff2f-b7ed-4ef8-898d-f537d07503c2","Rectangle4":"c1b612a5-e1b5-4b95-996d-2ebf9869b4a4","RequestedDate":"d6324fd1-3e5c-424c-a4ce-00520a06d6ae","Backslash":"b196bbfc-1b22-4507-a1b9-57015d5cd2e4","RequestedTime":"f137ea7c-b23d-42d7-a68c-db7766a002a2","DurationContainer":"98a9bcbb-e7c4-42e8-ad85-bbcaf0fd9e7a","DurationRequiredStar":"3e5267fe-bf63-46b6-a4d0-5040612a5b81","DurationLabel":"6121e889-b399-4033-9c4d-6e469b33e324","DurationDropdown":"58cc3dd7-e844-41b3-b8a1-1aab22d42fe0","TimeFrameContainer":"a69767ea-0144-44c3-b934-c55a80f4d942","TimeFrameRequiredStar":"cfee83b3-ad54-49bb-b8f9-8b0740ce8e7f","TimeFrameLabel":"b6b9b911-a169-4135-b928-b409f5b3e23b","FirstAvailableDateBorder":"e635e12c-c530-455d-969c-339a6183c6b7","LastAvailableDateBorder":"49d9234e-8f3e-46ca-97b2-3816fe440747","FirstAvailableDate":"106cbf9b-1eac-4212-bd72-18f2050bcfb6","LastAvailableDate":"8a0e0994-525b-413d-8fd0-6cda8592892c","Hyphen":"7322368a-d573-48f1-aeb3-1b7304c3d987","TypeContainer":"83634aa6-4dfa-4492-8246-fa6d0c84b3d4","VirtualRequiredStar":"e8b565e6-b7c8-43a9-b4bc-804e2d77a1fe","VirtualLabel":"422e01ce-0821-4607-8f50-a85ff1658b2d","VirtualDropdown":"5dc5a3c5-8823-41cb-9e0b-aaed0cb1ced0","HorizontalSeparator2":"4e31a904-a929-4f5c-80fc-5e306ee49cc8","FormRow3":"6db9e649-da90-47da-b0a3-a748b6e2ca3d","AOPhoneContainer":"c2067527-3d49-4417-a252-5f44d24b2987","OPRLabel_1":"0c05065e-a8c1-4fa8-8c48-3031b9c3aa2b","AOPhone":"3a208aea-0ae4-4a80-b49f-8d340e12330c","ClassificationContainer":"24a05c20-3c0a-4c4e-9814-056538abe592","ClassificationLabel_1":"d2563aca-af18-45ba-bfd0-11f44123b7a5","ClassificationDropDown":"07103865-5698-4517-a53a-45c4e31a5dd4","AOContainer":"dba211e6-88b7-46eb-9c36-1d16db286eea","AOLabel":"711c95fe-179f-408d-8c90-52fd92ecd523","InfoIcon":"17c1e173-2dfd-429f-9652-c24cfebaf925","ComboBox1":"5bd322ab-8677-4531-ab1e-b2d7835d314c","ActionOfficer":"12410b24-aae0-4327-8e14-fe3978699a85","TextCanvas3":"93824820-b2d1-48df-92fa-7f9e6268f948","OPRContainer":"1b80cec5-22b7-4afe-b031-d744575ed541","OPRRequiredStar":"3a0a8ac5-5ae4-4a5f-b298-99b96b941179","OPRLabel":"f82ea2c5-dd71-43f6-bda1-ffdd8e7b29c6","OPRDropdown":"fe0ed7c5-72ba-4a88-9b28-65ab8b89f474","UniformContainer":"d55cb283-e78b-4669-8bf1-443448170908","UniformRequiredStar":"f40033f9-40d0-4b8c-9bdc-efb698d70ec8","UniformLabel":"69c20038-bad7-4c21-9cf8-6536eb12d33d","UniformDropdown":"6f7a43d0-0446-41f6-bd78-13ce0b7c96ad","ClassifiedCheckBox":"63d1bb54-788e-4860-a5a5-0463038aa46d","HorizontalSeparator3":"9856226e-4543-45da-8a13-a9b24bf41d68","FormRow4":"a007095f-4cc6-4f11-aef8-5882dc7daa1e","JDIRAttendeesContainer":"24584226-5621-4fd1-9ebf-87b06985174b","JDIRAttendeesRequiredStar":"b129c591-ad4d-4432-9aed-ee177a261cb9","JDIRAttendeesLabel":"df12740a-3497-4097-86f0-240b13a9c71a","AddJDIRAttendeeIcon":"45557071-bbbd-4f2c-a749-f76deb72b782","SelectedJDIRAttendees":"cc259ce0-111d-44bb-a4d6-4064075ecb9d","OutOfTownAttendeesContainer":"21291559-c6b5-44e4-ad64-0bd4eae8c4a0","OutOfTownAttendeeLabel":"d035bf27-3d9c-4895-970e-8d7e85b97052","AddOutOfTownAttendeeIcon":"ece703a1-71e2-4230-85de-69277b99e8eb","OutOfTownAttendeeRequiredStar":"8ccbc887-dc21-4b3a-9299-b51b5f97a32e","SelectedOutOfTownAttendee":"d1da0bb0-47fc-44f2-b117-374fb57b409d","Bio Concept Paper":"69d2a795-acd1-4e9e-94df-56fcda4b3264","OutOfTownAttendeeLabel_1":"e8d7ab43-56a1-4ad1-b430-db7c4641cf93","ConceptPaper":"1940dca0-e2ae-4637-818d-159e7af75297","AttendeesContainer":"d659582d-3227-4a78-bc40-4a0b14db52b1","IndividualAttendeeRequiredStar":"8c683127-a660-41c2-9d23-9ed854ef3ecd","IndividualAttendeeLabel":"140014e4-792d-4fa7-9279-b5ba88811493","AddIndividualAttendeeIcon":"d9646119-7d59-4e95-88c9-6fb1fa999d9e","SelectedIndividualAttendee":"aa270d07-e499-4f4f-95ca-35eb0aea0ef1","HorizontalSeparator4":"457d7b19-b023-48e4-b9df-09edd2bbcd79","FormRow5WithButtons":"becde886-35e4-46f1-aa56-f7b747095c84","AssociatedIMOs":"6892c9b6-94a5-41c5-a207-36222e768ef1","IMORequiredStar":"dc5f53bb-0809-4a21-903b-155fad2badad","IMOLabel":"11fee9d3-9bfc-4143-aea9-54a9d0ff1548","AddIMOIcon":"9b0ce4d5-93a1-49e2-bf1f-9c5153e02b42","SelectedIMOs":"65131aae-9291-433f-bd27-b4fd4c1b9e16","AdditionalRemarks":"0eec7ddd-2d14-4763-96bd-2708be778801","AdditionalRemarksRequiredStar":"2184791b-2c1f-44ec-a3e7-df8f3573f32b","AdditionalRemarksLabel":"f3770b96-66e6-41a3-87bc-dd1f07b7584c","AdditionalRemarksInput":"cdbf89b2-dd5b-4fac-87d4-7403d784a385","FormButtonSpace":"99d7a4b1-e320-460e-a0a8-b74649f40c9e","ReviewSubmitButton_1":"9f50efb7-9e0f-4d55-8374-1fbdee3a9828","Label50_1":"6a4c7616-14b3-46ce-be6e-aed8fc929134","HorizontalSeparator5":"eb1f48bf-fd0f-4f1f-a459-71b4b6248c39","FooterComponent_NewFormScreen":"15e71945-67e8-4532-a7e4-624cb79b7fa2","FormReviewScreen":"664b10c8-78e6-4422-a2a5-af8c4fc84978","ModalLayout":"8034cc4b-892c-4502-95f5-99975a51bc74","USTRANSCOMLogo":"fc07d451-d715-45c1-a7f5-42c6fe57a3c5","USTRANSCOMLogo_1":"21a44c43-a203-4d4f-9e98-f5de7a03b9ea","ReviewScreenLabel":"d4479c36-cbea-405c-ae0c-c341efbba689","ClassificationBanner_FormReviewScreen":"f5712bdd-dd15-46c4-806c-ee6c91e3144b","InfoPopUp-NavigatingAway":"4a18a2e2-5d5a-4791-a0f8-e586fc16761f","NavigationConfirmationQuestion":"89509c7c-1961-4f2a-a23a-b9ea94dcd56f","NavigationConsequenceReminder":"08b0fb46-db78-4b0c-9511-588267af49ec","ReturntoRequestButton":"b3af7689-8577-4975-b8c3-c3ca63f52f53","ContinueButton":"68d18479-4412-4973-9fb7-6dd1f7f2eb1e","HomeIcon":"d719ab1c-40bc-49dd-bb12-381457ddd3fc","GoToPreviouslyEnteredMeetings":"110eccde-a99e-4170-b6ee-f8e745925ff9","ModalScreen":"af4d5c2d-cc2f-4f76-9d2d-5c67d1820af4","Subject":"b0d04c74-3375-4d9f-b9d1-fb0a8099c375","5WsModal_1":"c54886eb-6657-45cf-b288-ae93d402fa89","TextCanvas1":"3241d236-e5ba-442a-b86d-3090b54d4929","Who":"3809bf1a-af2c-47f4-ab2f-119b5d08b75c","TextCanvas1_2":"d434329a-accf-4710-8f64-23543f81699f","5WsModal_2":"02db5c86-4920-467e-ae2c-787cf61d7669","What":"a2344a14-beef-4ec6-ab90-a50bd0231b67","5WsModal_3":"9f148d8c-7870-437c-ae1c-c241391613a1","TextCanvas1_3":"426ea3cf-a12c-42b0-90ff-43b7a178d5f8","When":"6aeebcae-8e43-42aa-899b-c45eda1799a9","5WsModal_4":"c70eec2f-a1c9-460f-ac63-08e38de112e5","TextCanvas1_4":"b0d40bb7-f3a4-44c2-93d5-eb2ca97bdd6e","Where":"921a0f3e-434c-4011-90c6-e0228801a1ad","TextCanvas1_5":"1f530505-68b1-48ea-b9e1-114611e85c97","5WsModal_5":"14d593fd-5522-48de-b980-b91acfafec6f","Why":"3e41bbbe-8598-482e-829e-cb9d149b3219","5WsModal_6":"29a5db56-8f32-4ccb-9f1d-d6ace62a3175","TextCanvas1_6":"5c5c7e99-99bf-4baf-83bc-822bbae63806","TextCanvas1_7":"318efe33-9d4d-4c89-a1fd-b1042b477558","AllAttendeeEmails":"9803eb91-733c-41de-bbeb-77d5fbc6232b","5WsModal_7":"8750d791-2870-43c0-9126-88db0e54c7d8","5WsModal":"deb2eda4-ce56-43cc-a7ac-00022531d0d9","Functions_1":"c4406dd5-0a97-4386-8151-b787a2aff08c","RESET_FORM_1":"c0f0ac3b-3843-457a-a910-5e3f5df9c437","MeetingInfoContainer":"97249479-94a1-4467-9309-6a0c4af2194e","MeetingContentLabel":"eece79ce-0046-4140-bbab-e18fbe859d13","MeetingLogisticsLabel":"dc627995-f697-4da7-8850-700a71b3b5d1","MeetingContent":"72102465-298c-4b84-816a-27723cfa068a","verticalSeparator":"b2227153-1d1b-484f-a7bb-43b6552655de","MeetingLogistics":"19a95e4b-1cbe-4ef8-88f8-3b956cab1bee","SubjectTitle":"e338be62-4462-4f2c-910d-210080a21df6","SubjectText":"72b3eaea-165f-4cc6-a8de-bde48fae9992","RequestedDateTile":"280906b7-973c-4bc8-9fbd-837043a2a6b1","MeetingPurposeTitle":"9ea7704b-714d-4bb6-9ba5-7e6678725914","RequestedDateText":"0c91c453-fbae-43b0-9a2e-f6bb8fc7bcf8","MeetingPurposeText":"943e05a5-9c26-4f8a-9262-05d7b063756c","WindowofAvailabilityTitle":"49f2d747-08ef-4575-b098-c8b37ef6b20f","AOTitle":"5e10b72f-d2b7-4e38-a1e6-a95228844a94","ActionOfficerText":"c7c7e985-2df1-4a54-9fb5-eeb8c3407a33","WindowOfAvailabilityText":"74423648-9c69-4a37-a816-ee8b8d7d2bec","AOTitle_1":"26fc651b-2c29-4e76-9b0c-0ec8083fd8f6","ActionOfficerPhoneText":"c8e808cd-cd74-437f-a4fb-1d89deaebbb9","SuggestedLocationTitle":"5c650b49-9247-4eba-be20-ac0220908641","OPRTitle":"04c0142d-bece-4cef-9e77-d588f233d3d6","OPRText":"d504a5ee-dfca-4d94-b61d-9e25c9ebe1f2","SuggestedLocationText":"a56d6e21-e3b1-4373-bb18-3fb2b75cd888","IMOTitle":"0c781e83-6591-48d9-8f05-57d25263628f","AssociatedIMOsText":"2c31e44c-8e52-438c-a75c-770a3ba68ee5","UniformTitle":"c10b4f77-3240-4f08-900f-bdb8a1a5fac6","MeetingPurposeText_1":"8019b605-2acd-46bd-a7d3-f5fd91881060","AdditionalRemarksTitle":"33ba9a83-ad12-4c01-a78e-5c671bda34e3","UniformText":"b2c18e98-b304-4884-9ded-8583deef30b3","ConceptPaperLink1_1":"7add5551-1fac-4a52-b68f-d3b92b8bff59","ConceptPaperTitle":"87cac044-c7ee-4149-b5cd-e74d0560eeb9","ConceptPaperLink1":"fb9744b0-470b-4962-9e38-4ba5c3ec44b8","DialInOptionsTitle":"4d92871b-0371-40dd-9b64-91e4bf0e0c2f","ConceptPapersText":"3459f1ac-73ed-4968-ad06-285ac3cd814e","ConceptPapersText_1":"f6da9ed7-90fc-4a01-828d-7b3ec8396aab","DialInOptionsText":"481ab63e-d8c7-4431-bd41-2d0660c91394","ConceptPaperTitle_1":"baa59b70-406b-4f21-9683-af4a676cd00f","ClassificationText":"c1dfc49c-c214-48b3-8458-f05f28ea7f8c","MeetingAttendeesLabel":"66f1d073-7a07-4e27-9a51-e173c9589dc3","AttendeeEmailListLabel":"0c2a1544-ea18-49a7-a620-4c7ea133c3bd","horizontalSeparator":"9fefb8e7-3708-49e9-8dc1-10ce7342de38","MeetingAttendees":"19e75f8c-69b0-4f1b-8e4e-68167d5c3a35","EmailList":"6ffad294-68e6-4b75-ba01-4eb0a4e418ca","AllAttendeesEmailText":"d9af7416-41c4-4cd5-a8ee-57d664b5ad1e","ByNameAttendeesTitle":"6671a284-fbff-4406-96a4-5b2bfeed6e29","IndividualAttendeesText":"aaff7830-614b-412b-a986-e3ca3e74d76b","JDIRAttendeesTitle":"7dd87208-3f07-4015-b3a9-a853dc0c949d","JDIRAttendeesText":"1f516159-2096-45a3-86fe-5acf91c576c9","OutstationsTitle":"08cc5fa6-68f7-44c9-b024-a8aeeffbf0b5","OutstationsText":"98a6b9a3-966a-4e7a-83be-b4e9c7df1b59","ReviewButtonContainer":"0340bc7f-09c5-4746-af47-33d9993e2766","Save/Submit/CancelContainer":"f5c624fd-c451-45e5-941b-3a7ddacfb8f1","SaveButton":"f049d8bd-4e81-4a29-be39-a556b4ee6630","FiveWs":"59871367-496b-4d2f-900b-0043507d1dbe","CancelButton":"672b9cfe-9c03-4314-b080-d06c6ec42543","DeleteSavedRequestButton":"e2f5ade7-8beb-4d6a-8700-c2bfd17604e8","SubmitButton":"91d7a1b1-f344-47e5-963e-974f20c9a9d9","ReviewButtonLabel_1":"ae3dec9d-fe44-4c72-9d43-f696b2a7d316","ReviewPopUpInfo":"c219263b-5d5f-429e-aaf0-eb881f8c5173","PopUpInfo-Delete":"36059de3-13dd-415e-bcb2-b135cc305bb4","DeleteRequestInformation":"291f32ed-872c-45ab-b652-714b7346e635","PopUpInfoCloseNoACTION_1":"1272c9f0-2cac-43e7-baa6-2cfb4e00d0c0","DeleteSavedRequest":"543891f3-953b-4e2b-add4-40df625c2f0e","PopUpInfo-Cancel":"c9547cd2-a091-4d7c-8d00-3a3c3996c432","ComboBoxForPatchingAuditInfo":"2fadb612-8c5e-494f-812d-45754221e97b","CancelRequestInformation":"1cc80e99-87f6-4639-a164-660456dfc04d","PopUpInfoCloseNoACTION_2":"86a22e64-b8f8-4e2a-8b62-35269baa60c7","CancelThisRequestButton":"364c12fd-a11c-4790-8980-981e8b41c606","PopUpInfo-AuditInformation":"680a760f-3c21-4de4-909b-c4c1b744a896","AuditInformation":"68b7d435-b599-4743-8524-aa5bb2f7c1e8","ReviewPopUpInfoClose":"38ce69b2-2e15-4eee-b148-4fd0f5ae77fe","EditContainer":"a12648fd-11f6-4b80-b3de-4520771b05ef","SendEditsToFrontOffice":"b1a27dc8-1a2a-4a98-a865-0d9335b4fa10","EditRequest":"182b2071-62ed-4282-a7db-504ff8308d17","SaveWithoutSubmitting":"f8a09502-2be9-4fff-bfb9-6aa7064ab1ad","SubmitForm":"f11b41fe-d0cd-4bde-add7-346205b21153","SendToFO":"6d4b23db-e24b-4725-aedc-1237b2399011","SendToCOS":"63d8a2e6-4b3d-4970-ab5b-1f5868ff356e","Deny":"65d14294-f7ea-4ea9-bb02-90670cba0296","NonConcur":"5082fbcc-4110-4412-850c-22a14ef4538a","ApprovalDateContainer":"5f4bb98b-ad83-4fa5-acd4-af54fd56f9f6","ApprovalDateLabel":"44b132da-a417-414e-b181-e82ec3098296","Actual_Meeting_Date":"e60ab6f2-87a8-4ddd-bc7a-e3143e39c6ed","StartTimeLabel":"da0a1ca3-0aa0-497d-ae19-24e2f3af8182","Actual_Start_Time":"3ec9bec8-d0d4-4ff5-98ba-ad410d6760ff","EndTimeLabel":"b5b87292-f3ea-4459-afb0-4bd2dea1a698","Actual_End_Time":"0b58121d-fd6b-4007-ab31-9797340e75db","CopyContainer":"6b71a193-3c6d-4d32-988f-bc63ac0decbc","CopyButton":"3240a307-183f-42df-94b7-a5e9daaada3f","Approve":"4c290d44-ea4e-40e2-a1b6-371a477f4395","Concur":"7c94cb64-4359-462e-9817-e511735b0587","AuditContainer":"24670139-f9fc-4e65-8131-37fd7e78c730","AuditInfoButton":"db7578fb-620d-4a33-9eb2-2f34eb732d29","FooterComponent_ReviewScreen":"0d7d937d-9376-4ae3-9c78-9b2a1837127c","PreviousRequestsScreen":"c8d69118-79b9-4390-8165-ca8e0b1d6c34","PageContents":"e3a4640a-85ef-4b90-980e-f7645a46c402","SubmittedMeetingRequestsHeader":"15eadbec-18dc-4ef2-b8eb-edff747822bd","Image2_4":"8d6a8197-7cc4-45dd-a5a3-73120641b109","HomeIcon_1":"e4361690-65dd-4516-8c50-9a12c9b0ad13","RadioStatusFilter_1":"895fa5e5-0934-461f-867f-1ebb5bde796c","Label2":"32781eff-e98c-4c36-bd98-302e4d99bea5","Icon14_1":"6cb05817-20dc-4a27-af78-f950ea947a36","Rectangle1":"cf6f2fca-d281-4430-8057-471f5081a222","MeetingRequestsGallery":"12fc948b-a921-496e-869e-78ff096e7ee1","galleryTemplate4":"92097333-2144-41ce-bc6f-8e3f8ab00869","MeetingStatusColor":"da0c1f28-37fe-4d5a-a47f-e3813a85d388","Rectangle2":"955da87a-4a2f-41e6-bd68-aaf74f77c135","MeetingClassification":"18801c01-f28a-4e3f-a6d7-b5e78286164e","RequestInformation":"1a5f0c6c-7de3-4376-9dbe-27724a1fbc8f","RequestInformation_1":"6badcc14-c97b-4d8e-b59c-bb698bc50927","Label3":"b740302c-1130-4f3c-98a2-d8af36f133ba","Separator1":"7ab38ef9-b7a6-4e14-81ab-f6fe0e744f3f","Label2_1":"f6593231-c765-4b11-9cc5-6e161cd551a0","LegendGallery":"69abf42c-ee2f-4c75-bec9-29c126c2b99a","galleryTemplate5":"084146c8-facc-4f17-93cd-3ee25793c1f6","LegendColor":"de99bb07-33e7-4d26-b3bb-68cfba5d4ebe","Status":"6066b59a-102f-4981-acaa-1934beea8503","Label2_2":"8d54294e-e425-4c16-b5e3-8f663894c916","ClassificationBanner_2":"4cb1a421-8a6e-4153-a09b-9d7e29c5fde4","FooterComponent_2":"a7c9398e-6844-4858-9948-51bf696866a5","TestScreen":"91cb526e-ab93-473e-9148-c28ff6e4b2cc","TextCanvas4":"56fd0905-83fb-4bca-ae32-9a61f7317e25","TextCanvas2":"b878d2ff-b68c-4b3a-b2ae-fe70b94ad94d","TextCanvas4_1":"a5479f11-31bc-4888-9292-f9f9e12beda4"}