{"name":"1acc4047-9e44-44a0-8583-053af8ed8be8","id":"/providers/Microsoft.Flow/flows/1acc4047-9e44-44a0-8583-053af8ed8be8","type":"Microsoft.Flow/flows","properties":{"apiId":"/providers/Microsoft.PowerApps/apis/shared_logicflows","displayName":"Calendar Permission via Group Membership Test","definition":{"metadata":{"workflowEntityId":null,"processAdvisorMetadata":null,"flowChargedByPaygo":null,"flowclientsuspensionreason":"None","flowclientsuspensiontime":null,"flowclientsuspensionreasondetails":null,"creator":{"id":"82b5d3b6-e8df-4836-861a-9309f2de9ab3","type":"User","tenantId":"ded1a96b-2405-48cc-9f26-7b59cbf8f0b1"},"provisioningMethod":"FromDefinition","failureAlertSubscription":true,"clientLastModifiedTime":"2025-03-11T20:34:56.2911978Z","connectionKeySavedTimeKey":"2025-03-11T20:34:56.2911978Z","creationSource":null},"$schema":"https://schema.management.azure.com/providers/Microsoft.Logic/schemas/2016-06-01/workflowdefinition.json#","contentVersion":"1.0.0.0","parameters":{"$connections":{"defaultValue":{},"type":"Object"},"$authentication":{"defaultValue":{},"type":"SecureObject"}},"triggers":{"When_a_group_member_is_added_or_removed":{"recurrence":{"interval":1,"frequency":"Minute"},"splitOn":"@triggerOutputs()?['body']","metadata":{"operationMetadataId":"5eea5925-9ca1-4a3b-a8d0-23771a3100a7"},"type":"OpenApiConnection","inputs":{"host":{"apiId":"/providers/Microsoft.PowerApps/apis/shared_office365groups","connectionName":"shared_office365groups","operationId":"OnGroupMembershipChange"},"parameters":{"groupId":"f8e001d3-8dbd-4a13-8555-8b7f5ed727f7"},"authentication":"@parameters('$authentication')"}}},"actions":{"Condition":{"actions":{"Send_an_HTTP_request_-_View_Permissions":{"runAfter":{},"metadata":{"operationMetadataId":"cba0ab55-8b9c-44f4-8f0c-7313066dcba5"},"type":"OpenApiConnection","inputs":{"host":{"apiId":"/providers/Microsoft.PowerApps/apis/shared_office365","connectionName":"shared_office365","operationId":"HttpRequest"},"parameters":{"Uri":"https://graph.microsoft.com/v1.0/me/calendars/@{variables('CalendarID')}/calendarPermissions","Method":"POST","Body":"{ \"emailAddress\": { \"address\": \"@{outputs('Get_user_profile_(V2)')?['body/mail']}\" }, \"role\": \"limitedRead\" }","ContentType":"application/json"},"authentication":"@parameters('$authentication')"}}},"runAfter":{"CalendarID":["Succeeded"]},"else":{"actions":{"Send_an_HTTP_request_-_Edit_Permissions":{"runAfter":{},"metadata":{"operationMetadataId":"bda7b792-3547-40c3-9b2d-fc5b2e4cfcaa"},"type":"OpenApiConnection","inputs":{"host":{"apiId":"/providers/Microsoft.PowerApps/apis/shared_office365","connectionName":"shared_office365","operationId":"HttpRequest"},"parameters":{"Uri":"https://graph.microsoft.com/v1.0/me/calendars/@{variables('CalendarID')}/calendarPermissions","Method":"POST","Body":"{ \"emailAddress\": { \"address\": \"@{outputs('Get_user_profile_(V2)')?['body/mail']}\" }, \"role\": \"write\" }","ContentType":"application/json"},"authentication":"@parameters('$authentication')"}}}},"expression":{"equals":["@triggerOutputs()?['body/@removed/reason']","deleted"]},"metadata":{"operationMetadataId":"a86caa70-7edb-4577-b506-89b16b770792"},"type":"If"},"Get_user_profile_(V2)":{"runAfter":{},"metadata":{"operationMetadataId":"691a2493-8de9-4978-a619-f3b896067fa4"},"type":"OpenApiConnection","inputs":{"host":{"apiId":"/providers/Microsoft.PowerApps/apis/shared_office365users","connectionName":"shared_office365users","operationId":"UserProfile_V2"},"parameters":{"id":"@triggerOutputs()?['body/id']"},"authentication":"@parameters('$authentication')"}},"CalendarID":{"runAfter":{"Get_user_profile_(V2)":["Succeeded"]},"metadata":{"operationMetadataId":"02d807d1-3095-492a-b18c-e98ea8463577"},"type":"InitializeVariable","inputs":{"variables":[{"name":"CalendarID","type":"string","value":"AAMkAGE1OWMyZDUzLWFjNWMtNGZkMy1iMzYxLWQ0MTc1ZGRhNjEzNgBGAAAAAABWF_h4C6aqR5NoaI_tyHYRBwAEy5hfEG9qSYTA69r4K9ZSAAAAAAEGAAAEy5hfEG9qSYTA69r4K9ZSAAAt5AjyAAA="}]}},"Terminate":{"runAfter":{"Condition":["Succeeded"]},"metadata":{"operationMetadataId":"477b2a9a-cd10-4e38-b61d-7f52a6a17b1d"},"type":"Terminate","inputs":{"runStatus":"Succeeded"}}}},"connectionReferences":{"shared_office365":{"connectionName":"shared-office365-2105e99a-5aed-48b8-845a-1f841aa4a834","source":"Embedded","id":"/providers/Microsoft.PowerApps/apis/shared_office365","tier":"NotSpecified","apiName":"office365"},"shared_office365users":{"connectionName":"shared-office365user-8da5477b-7ebf-4377-938c-ea4f04c8e9f4","source":"Embedded","id":"/providers/Microsoft.PowerApps/apis/shared_office365users","tier":"NotSpecified","apiName":"office365users"},"shared_office365groups":{"connectionName":"shared-office365grou-aabab0cc-404e-46c7-994a-4feb30affd18","source":"Embedded","id":"/providers/Microsoft.PowerApps/apis/shared_office365groups","tier":"NotSpecified","apiName":"office365groups"}},"flowFailureAlertSubscribed":false,"isManaged":false}}