{"name":"e6ea0bdb-0183-4152-80a1-97bfdfcff369","id":"/providers/Microsoft.Flow/flows/e6ea0bdb-0183-4152-80a1-97bfdfcff369","type":"Microsoft.Flow/flows","properties":{"apiId":"/providers/Microsoft.PowerApps/apis/shared_logicflows","displayName":"CheckUserMembership2","definition":{"metadata":{"workflowEntityId":null,"processAdvisorMetadata":null,"flowclientsuspensionreason":"None","flowclientsuspensiontime":null,"creator":{"id":"53a19ab1-ea57-4053-b315-3ce6eceaa3a1","type":"User","tenantId":"72f988bf-86f1-41af-91ab-2d7cd011db47"},"provisioningMethod":"FromDefinition","failureAlertSubscription":true,"clientLastModifiedTime":"2022-05-26T11:38:51.0220963Z"},"$schema":"https://schema.management.azure.com/providers/Microsoft.Logic/schemas/2016-06-01/workflowdefinition.json#","contentVersion":"1.0.0.0","parameters":{"$connections":{"defaultValue":{},"type":"Object"},"$authentication":{"defaultValue":{},"type":"SecureObject"}},"triggers":{"manual":{"metadata":{"operationMetadataId":"b6665f5a-5e53-4d3a-bdf2-d31c62fe8e5a"},"type":"Request","kind":"PowerApp","inputs":{"schema":{"type":"object","properties":{"SendanHTTPrequesttoSharePoint_Uri":{"type":"string","description":"Example: _api/web/lists/getbytitle('Documents'). This parameter is used as part of \"AEE4B3FD-D7BE-4F47-AC3D-C8A53E27BD26\"","x-ms-powerflows-param-ispartial":true}},"required":["SendanHTTPrequesttoSharePoint_Uri"]}}}},"actions":{"Initialize_variable":{"runAfter":{},"metadata":{"operationMetadataId":"811cf71a-2e89-4c65-876f-3643cc8481c8"},"type":"InitializeVariable","inputs":{"variables":[{"name":"isAdminUser","type":"string","value":"0"}]}},"Initialize_variable_2":{"runAfter":{"Initialize_variable":["Succeeded"]},"metadata":{"operationMetadataId":"551e4e60-1d86-4a44-9240-fcc91e99c2d7"},"type":"InitializeVariable","inputs":{"variables":[{"name":"isInternalUser","type":"string","value":"0"}]}},"Initialize_variable_3":{"runAfter":{"Initialize_variable_2":["Succeeded"]},"metadata":{"operationMetadataId":"a7632ace-117f-45c1-9445-bbbe25ab9e4e"},"type":"InitializeVariable","inputs":{"variables":[{"name":"isExternalUser","type":"string","value":"0"}]}},"Send_an_HTTP_request_to_SharePoint":{"runAfter":{"Initialize_variable_3":["Succeeded"]},"metadata":{"operationMetadataId":"73835b72-c9dc-4f05-b9ce-3035445b1d56"},"type":"OpenApiConnection","inputs":{"host":{"apiId":"/providers/Microsoft.PowerApps/apis/shared_sharepointonline","connectionName":"shared_sharepointonline","operationId":"HttpRequest"},"parameters":{"dataset":"https://microsoft.sharepoint.com/teams/MSUS-SolutionAccelerator","parameters/method":"GET","parameters/uri":"_api/web/sitegroups/getByName('Admin')/Users?$filter=UserPrincipalName eq'@{triggerBody()['SendanHTTPrequesttoSharePoint_Uri']}'"},"authentication":{"value":"@json(decodeBase64(triggerOutputs().headers['X-MS-APIM-Tokens']))['$ConnectionKey']","type":"Raw"}}},"Parse_JSON":{"runAfter":{"Send_an_HTTP_request_to_SharePoint":["Succeeded"]},"metadata":{"operationMetadataId":"6a769ac6-c3ce-4510-b758-640c21e7c9a5"},"type":"ParseJson","inputs":{"content":"@body('Send_an_HTTP_request_to_SharePoint')","schema":{"type":"object","properties":{"d":{"type":"object","properties":{"results":{"type":"array","items":{"type":"object","properties":{"__metadata":{"type":"object","properties":{"id":{"type":"string"},"uri":{"type":"string"},"type":{"type":"string"}}},"Alerts":{"type":"object","properties":{"__deferred":{"type":"object","properties":{"uri":{"type":"string"}}}}},"Groups":{"type":"object","properties":{"__deferred":{"type":"object","properties":{"uri":{"type":"string"}}}}},"Id":{"type":"integer"},"IsHiddenInUI":{"type":"boolean"},"LoginName":{"type":"string"},"Title":{"type":"string"},"PrincipalType":{"type":"integer"},"Email":{"type":"string"},"Expiration":{"type":"string"},"IsEmailAuthenticationGuestUser":{"type":"boolean"},"IsShareByEmailGuestUser":{"type":"boolean"},"IsSiteAdmin":{"type":"boolean"},"UserId":{"type":"object","properties":{"__metadata":{"type":"object","properties":{"type":{"type":"string"}}},"NameId":{"type":"string"},"NameIdIssuer":{"type":"string"}}},"UserPrincipalName":{"type":"string"}},"required":["__metadata","Alerts","Groups","Id","IsHiddenInUI","LoginName","Title","PrincipalType","Email","Expiration","IsEmailAuthenticationGuestUser","IsShareByEmailGuestUser","IsSiteAdmin","UserId","UserPrincipalName"]}}}}}}}},"Condition":{"actions":{"Set_variable":{"runAfter":{},"metadata":{"operationMetadataId":"f54bf430-50de-4d9a-92b2-d9b0e1abd0a7"},"type":"SetVariable","inputs":{"name":"isAdminUser","value":"@Concat('0')"}}},"runAfter":{"Parse_JSON":["Succeeded"]},"else":{"actions":{"Set_variable_2":{"runAfter":{},"metadata":{"operationMetadataId":"ceac46b9-118f-4c99-ac90-aecb164cd431"},"type":"SetVariable","inputs":{"name":"isAdminUser","value":"@Concat('1')"}}}},"expression":{"equals":["@length(body('Parse_JSON')?['d']?['results'])",0]},"metadata":{"operationMetadataId":"abefa43b-1c77-46bf-9e67-ec617fd459c1"},"type":"If"},"Send_an_HTTP_request_to_SharePoint_2":{"runAfter":{"Condition":["Succeeded"]},"metadata":{"operationMetadataId":"35efd018-93fe-40d4-beb4-aee0f1d10e01"},"type":"OpenApiConnection","inputs":{"host":{"apiId":"/providers/Microsoft.PowerApps/apis/shared_sharepointonline","connectionName":"shared_sharepointonline","operationId":"HttpRequest"},"parameters":{"dataset":"https://microsoft.sharepoint.com/teams/MSUS-SolutionAccelerator","parameters/method":"GET","parameters/uri":"_api/web/sitegroups/getByName('External')/Users?$filter=UserPrincipalName eq'@{triggerBody()['SendanHTTPrequesttoSharePoint_Uri']}'"},"authentication":{"value":"@json(decodeBase64(triggerOutputs().headers['X-MS-APIM-Tokens']))['$ConnectionKey']","type":"Raw"}}},"Parse_JSON_2":{"runAfter":{"Send_an_HTTP_request_to_SharePoint_2":["Succeeded"]},"metadata":{"operationMetadataId":"d1de13ef-f99f-410f-9f45-05c96b7b7d60"},"type":"ParseJson","inputs":{"content":"@body('Send_an_HTTP_request_to_SharePoint_2')","schema":{"type":"object","properties":{"d":{"type":"object","properties":{"results":{"type":"array","items":{"type":"object","properties":{"__metadata":{"type":"object","properties":{"id":{"type":"string"},"uri":{"type":"string"},"type":{"type":"string"}}},"Alerts":{"type":"object","properties":{"__deferred":{"type":"object","properties":{"uri":{"type":"string"}}}}},"Groups":{"type":"object","properties":{"__deferred":{"type":"object","properties":{"uri":{"type":"string"}}}}},"Id":{"type":"integer"},"IsHiddenInUI":{"type":"boolean"},"LoginName":{"type":"string"},"Title":{"type":"string"},"PrincipalType":{"type":"integer"},"Email":{"type":"string"},"Expiration":{"type":"string"},"IsEmailAuthenticationGuestUser":{"type":"boolean"},"IsShareByEmailGuestUser":{"type":"boolean"},"IsSiteAdmin":{"type":"boolean"},"UserId":{"type":"object","properties":{"__metadata":{"type":"object","properties":{"type":{"type":"string"}}},"NameId":{"type":"string"},"NameIdIssuer":{"type":"string"}}},"UserPrincipalName":{"type":"string"}},"required":["__metadata","Alerts","Groups","Id","IsHiddenInUI","LoginName","Title","PrincipalType","Email","Expiration","IsEmailAuthenticationGuestUser","IsShareByEmailGuestUser","IsSiteAdmin","UserId","UserPrincipalName"]}}}}}}}},"Condition_2":{"actions":{"Set_variable_3":{"runAfter":{},"metadata":{"operationMetadataId":"212dc9ae-3f50-4c00-af30-733e1c84250a"},"type":"SetVariable","inputs":{"name":"isExternalUser","value":"@Concat('0')"}}},"runAfter":{"Parse_JSON_2":["Succeeded"]},"else":{"actions":{"Set_variable_4":{"runAfter":{},"metadata":{"operationMetadataId":"020b9c6b-d4ab-47fc-9be0-62608a53c304"},"type":"SetVariable","inputs":{"name":"isExternalUser","value":"@Concat('1')"}}}},"expression":{"equals":["@length(body('Parse_JSON_2')?['d']?['results'])",0]},"metadata":{"operationMetadataId":"530f3945-7988-4632-bbba-411f2d6c990e"},"type":"If"},"Send_an_HTTP_request_to_SharePoint_3":{"runAfter":{"Condition_2":["Succeeded"]},"metadata":{"operationMetadataId":"6c58e9ca-ad74-4c9b-863a-a27f0240fb4f"},"type":"OpenApiConnection","inputs":{"host":{"apiId":"/providers/Microsoft.PowerApps/apis/shared_sharepointonline","connectionName":"shared_sharepointonline","operationId":"HttpRequest"},"parameters":{"dataset":"https://microsoft.sharepoint.com/teams/MSUS-SolutionAccelerator","parameters/method":"GET","parameters/uri":"_api/web/sitegroups/getByName('Internal')/Users?$filter=UserPrincipalName eq'@{triggerBody()['SendanHTTPrequesttoSharePoint_Uri']}'"},"authentication":{"value":"@json(decodeBase64(triggerOutputs().headers['X-MS-APIM-Tokens']))['$ConnectionKey']","type":"Raw"}}},"Parse_JSON_3":{"runAfter":{"Send_an_HTTP_request_to_SharePoint_3":["Succeeded"]},"metadata":{"operationMetadataId":"72213077-ddef-4448-b109-0481d92f096f"},"type":"ParseJson","inputs":{"content":"@body('Send_an_HTTP_request_to_SharePoint_3')","schema":{"type":"object","properties":{"d":{"type":"object","properties":{"results":{"type":"array","items":{"type":"object","properties":{"__metadata":{"type":"object","properties":{"id":{"type":"string"},"uri":{"type":"string"},"type":{"type":"string"}}},"Alerts":{"type":"object","properties":{"__deferred":{"type":"object","properties":{"uri":{"type":"string"}}}}},"Groups":{"type":"object","properties":{"__deferred":{"type":"object","properties":{"uri":{"type":"string"}}}}},"Id":{"type":"integer"},"IsHiddenInUI":{"type":"boolean"},"LoginName":{"type":"string"},"Title":{"type":"string"},"PrincipalType":{"type":"integer"},"Email":{"type":"string"},"Expiration":{"type":"string"},"IsEmailAuthenticationGuestUser":{"type":"boolean"},"IsShareByEmailGuestUser":{"type":"boolean"},"IsSiteAdmin":{"type":"boolean"},"UserId":{"type":"object","properties":{"__metadata":{"type":"object","properties":{"type":{"type":"string"}}},"NameId":{"type":"string"},"NameIdIssuer":{"type":"string"}}},"UserPrincipalName":{"type":"string"}},"required":["__metadata","Alerts","Groups","Id","IsHiddenInUI","LoginName","Title","PrincipalType","Email","Expiration","IsEmailAuthenticationGuestUser","IsShareByEmailGuestUser","IsSiteAdmin","UserId","UserPrincipalName"]}}}}}}}},"Condition_3":{"actions":{"Set_variable_5":{"runAfter":{},"metadata":{"operationMetadataId":"f5a46bb3-b3d7-4da6-b742-60601c49bd23"},"type":"SetVariable","inputs":{"name":"isInternalUser","value":"@Concat('0')"}}},"runAfter":{"Parse_JSON_3":["Succeeded"]},"else":{"actions":{"Set_variable_6":{"runAfter":{},"metadata":{"operationMetadataId":"0c51f87e-f904-4818-b37a-791722e2bf2e"},"type":"SetVariable","inputs":{"name":"isInternalUser","value":"@Concat('1')"}}}},"expression":{"equals":["@length(body('Parse_JSON_3')?['d']?['results'])",0]},"metadata":{"operationMetadataId":"6a749a68-5c0d-4435-a2bd-1058156abdf5"},"type":"If"},"Respond_to_a_PowerApp_or_flow":{"runAfter":{"Condition_3":["Succeeded"]},"metadata":{"operationMetadataId":"5827d59f-53bb-4be2-94ea-7aa1110f17c2"},"type":"Response","kind":"PowerApp","inputs":{"statusCode":200,"body":{"isadminuser":"@variables('isAdminUser')","isexternaluser":"@variables('isExternalUser')","isinternaluser":"@variables('isInternalUser')"},"schema":{"type":"object","properties":{"isadminuser":{"title":"isAdminUser","x-ms-dynamically-added":true,"type":"string"},"isexternaluser":{"title":"isExternalUser","x-ms-dynamically-added":true,"type":"string"},"isinternaluser":{"title":"isInternalUser","x-ms-dynamically-added":true,"type":"string"}}}}}}},"connectionReferences":{"shared_sharepointonline":{"connectionName":"shared-sharepointonl-1de267c6-b480-4bef-815f-b2bbadd015f4","source":"Invoker","id":"/providers/Microsoft.PowerApps/apis/shared_sharepointonline","tier":"NotSpecified"}},"flowFailureAlertSubscribed":false,"isManaged":false}}