{"name":"33526eed-7cad-49f3-a288-f05653ad18fc","id":"/providers/Microsoft.Flow/flows/33526eed-7cad-49f3-a288-f05653ad18fc","type":"Microsoft.Flow/flows","properties":{"apiId":"/providers/Microsoft.PowerApps/apis/shared_logicflows","displayName":"Create CMDR Concept Papers","definition":{"metadata":{"workflowEntityId":null,"processAdvisorMetadata":null,"flowChargedByPaygo":null,"flowclientsuspensionreason":"None","flowclientsuspensiontime":null,"flowclientsuspensionreasondetails":null,"creator":{"id":"788383aa-c622-4d8f-a8b6-41abf8cc505b","type":"User","tenantId":"102d0191-eeae-4761-b1cb-1a83e86ef445"},"provisioningMethod":"FromDefinition","failureAlertSubscription":true,"clientLastModifiedTime":"2024-08-14T16:30:56.6201902Z","connectionKeySavedTimeKey":"2024-08-14T16:30:56.6201902Z"},"$schema":"https://schema.management.azure.com/providers/Microsoft.Logic/schemas/2016-06-01/workflowdefinition.json#","contentVersion":"1.0.0.0","parameters":{"$connections":{"defaultValue":{},"type":"Object"},"$authentication":{"defaultValue":{},"type":"SecureObject"}},"triggers":{"manual":{"metadata":{"operationMetadataId":"d8ab7d49-3cb8-4bfa-a431-cbf2f41a4a1c"},"type":"Request","kind":"PowerAppV2","inputs":{"schema":{"type":"object","properties":{"text":{"title":"file.name","type":"string","x-ms-dynamically-added":true,"description":"triggerBody()['file']['name']","x-ms-content-hint":"TEXT"},"file":{"title":"File Content","type":"object","x-ms-dynamically-added":true,"description":"Please select file or image","x-ms-content-hint":"FILE","properties":{"name":{"type":"string"},"contentBytes":{"type":"string","format":"byte"}}},"text_1":{"title":"MeetingSubject","type":"string","x-ms-dynamically-added":true,"description":"Please enter your input","x-ms-content-hint":"TEXT"},"number":{"title":"MeetingID","type":"number","x-ms-dynamically-added":true,"description":"Please enter a number","x-ms-content-hint":"NUMBER"}},"required":["text","text_1","number"]}}}},"actions":{"Create_file":{"runAfter":{"Terminate":["Succeeded"]},"metadata":{"operationMetadataId":"1e748de9-9ff3-4b1f-89df-5ceeaab068ef"},"type":"OpenApiConnection","inputs":{"host":{"apiId":"/providers/Microsoft.PowerApps/apis/shared_sharepointonline","connectionName":"shared_sharepointonline","operationId":"CreateFile"},"parameters":{"dataset":"https://dod365.sharepoint-mil.us/sites/USSOUTHCOM-J2DEVSITE","folderPath":"/ConceptPapers","name":"@triggerBody()['text']","body":"@triggerBody()['file']['contentBytes']"},"authentication":"@parameters('$authentication')"},"runtimeConfiguration":{"contentTransfer":{"transferMode":"Chunked"}}},"Update_file_properties":{"runAfter":{"Create_file":["Succeeded"]},"metadata":{"operationMetadataId":"7bd0843f-9004-4c0a-987f-e45f5c1dbf12"},"type":"OpenApiConnection","inputs":{"host":{"apiId":"/providers/Microsoft.PowerApps/apis/shared_sharepointonline","connectionName":"shared_sharepointonline","operationId":"PatchFileItem"},"parameters":{"dataset":"https://dod365.sharepoint-mil.us/sites/USSOUTHCOM-J2DEVSITE","table":"d25aa26e-2430-471a-bfc4-11f1b5ac6ca1","id":"@outputs('Create_file')?['body/ItemId']","item/Title":"@triggerBody()['text_1']","item/MeetingID":"@triggerBody()['number']"},"authentication":"@parameters('$authentication')"}},"Respond_to_a_Power_App_or_flow":{"runAfter":{"Update_file_properties":["Succeeded"]},"metadata":{"operationMetadataId":"5f69d9b2-a644-4263-b4ed-9dc484907202"},"type":"Response","kind":"PowerApp","inputs":{"statusCode":200,"body":{"doclink":"@outputs('Update_file_properties')?['body/{Link}']","fileid":"@{outputs('Update_file_properties')?['body/ID']}"},"schema":{"type":"object","properties":{"doclink":{"title":"docLink","x-ms-dynamically-added":true,"type":"string"},"fileid":{"title":"fileID","x-ms-dynamically-added":true,"type":"string"}}}}},"Terminate":{"runAfter":{},"metadata":{"operationMetadataId":"13b47856-a545-4ca9-837c-88fbd700a468"},"type":"Terminate","inputs":{"runStatus":"Failed"}}}},"connectionReferences":{"shared_sharepointonline":{"connectionName":"149e2f7f1a1d43d0acd0cd289acde64e","source":"Embedded","id":"/providers/Microsoft.PowerApps/apis/shared_sharepointonline","tier":"NotSpecified"}},"flowFailureAlertSubscribed":false,"isManaged":false}}