{"name":"a5671b06-a839-48c8-8038-0b0438b22da5","id":"/providers/Microsoft.Flow/flows/a5671b06-a839-48c8-8038-0b0438b22da5","type":"Microsoft.Flow/flows","properties":{"apiId":"/providers/Microsoft.PowerApps/apis/shared_logicflows","displayName":"DownloadImages","definition":{"metadata":{"workflowEntityId":null,"processAdvisorMetadata":null,"flowclientsuspensionreason":"None","flowclientsuspensiontime":null,"creator":{"id":"fc23cd88-686c-445a-a318-872ae27be635","type":"User","tenantId":"a45d883b-4457-43ad-89dd-a6704d333a2d"},"provisioningMethod":"FromDefinition","failureAlertSubscription":true,"clientLastModifiedTime":"2022-03-10T04:28:56.730339Z"},"$schema":"https://schema.management.azure.com/providers/Microsoft.Logic/schemas/2016-06-01/workflowdefinition.json#","contentVersion":"1.0.0.0","parameters":{"$connections":{"defaultValue":{},"type":"Object"},"$authentication":{"defaultValue":{},"type":"SecureObject"}},"triggers":{"manual":{"metadata":{"operationMetadataId":"ddd290c2-9f50-487c-a757-a76ad6ce6bd1"},"type":"Request","kind":"PowerApp","inputs":{"schema":{"type":"object","properties":{"Compose_Inputs":{"type":"any","description":"Inputs","x-ms-powerflows-param-ispartial":false}},"required":["Compose_Inputs"]}}}},"actions":{"Compose":{"runAfter":{},"metadata":{"operationMetadataId":"8ff4c4b3-f6aa-4c93-a3ed-831d8d215fdb"},"type":"Compose","inputs":"@triggerBody()['Compose_Inputs']"},"Parse_JSON":{"runAfter":{"Compose":["Succeeded"]},"metadata":{"operationMetadataId":"2349d4cb-e2dd-4261-aac6-8a74e9209451"},"type":"ParseJson","inputs":{"content":"@outputs('Compose')","schema":{"type":"array","items":{"type":"object","properties":{"FileContent":{"type":"string"},"FileIdentifier":{"type":"string"},"FileName":{"type":"string"}},"required":["FileContent","FileIdentifier","FileName"]}}}},"Apply_to_each":{"foreach":"@body('Parse_JSON')","actions":{"Get_file_content":{"runAfter":{},"metadata":{"operationMetadataId":"c4ecd49e-9fc6-4e9e-86ea-b62711d1d091"},"type":"OpenApiConnection","inputs":{"host":{"apiId":"/providers/Microsoft.PowerApps/apis/shared_sharepointonline","connectionName":"shared_sharepointonline","operationId":"GetFileContent"},"parameters":{"dataset":"https://tradmed0.sharepoint.com/sites/PhotoBank","id":"@items('Apply_to_each')['FileIdentifier']","inferContentType":true},"authentication":{"value":"@json(decodeBase64(triggerOutputs().headers['X-MS-APIM-Tokens']))['$ConnectionKey']","type":"Raw"}}},"Create_file":{"runAfter":{"Get_file_content":["Succeeded"]},"metadata":{"operationMetadataId":"6c31aee2-5733-488e-b771-17d3782dcafd"},"type":"OpenApiConnection","inputs":{"host":{"apiId":"/providers/Microsoft.PowerApps/apis/shared_onedriveforbusiness","connectionName":"shared_onedriveforbusiness","operationId":"CreateFile"},"parameters":{"folderPath":"/PhotoDownloads","name":"@items('Apply_to_each')['FileIdentifier']","body":"@body('Get_file_content')"},"authentication":{"value":"@json(decodeBase64(triggerOutputs().headers['X-MS-APIM-Tokens']))['$ConnectionKey']","type":"Raw"}},"runtimeConfiguration":{"contentTransfer":{"transferMode":"Chunked"}}},"Set_variable":{"runAfter":{"Create_file":["Succeeded"]},"metadata":{"operationMetadataId":"f016584d-6ef3-4f43-a6b8-d217b52576c7"},"type":"SetVariable","inputs":{"name":"varURL","value":"@outputs('Create_file')?['body/FileLocator']"}}},"runAfter":{"Initialize_variable":["Succeeded"]},"metadata":{"operationMetadataId":"fbf53ae7-7e01-4144-90d3-89ba58e93975"},"type":"Foreach"},"Send_an_email_(V2)":{"runAfter":{"Apply_to_each":["Succeeded"]},"metadata":{"operationMetadataId":"63a7b51a-01b7-49af-894e-79e3fb057bcc"},"type":"OpenApiConnection","inputs":{"host":{"apiId":"/providers/Microsoft.PowerApps/apis/shared_office365","connectionName":"shared_office365","operationId":"SendEmailV2"},"parameters":{"emailMessage/To":"DGutierrez@tradmed.com","emailMessage/Subject":"Photobank Download","emailMessage/Body":"<!DOCTYPE HTML PUBLIC \"-//W3C//DTD XHTML 1.0 Transitional //EN\" \"http://www.w3.org/TR/xhtml1/DTD/xhtml1-transitional.dtd\">\n<html xmlns=\"http://www.w3.org/1999/xhtml\" xmlns:v=\"urn:schemas-microsoft-com:vml\" xmlns:o=\"urn:schemas-microsoft-com:office:office\">\n<head>\n<!--[if gte mso 9]>\n<xml>\n  <o:OfficeDocumentSettings>\n    <o:AllowPNG/>\n    <o:PixelsPerInch>96</o:PixelsPerInch>\n  </o:OfficeDocumentSettings>\n</xml>\n<![endif]-->\n  <meta http-equiv=\"Content-Type\" content=\"text/html; charset=UTF-8\">\n  <meta name=\"viewport\" content=\"width=device-width, initial-scale=1.0\">\n  <meta name=\"x-apple-disable-message-reformatting\">\n  <!--[if !mso]><!--><meta http-equiv=\"X-UA-Compatible\" content=\"IE=edge\"><!--<![endif]-->\n  <title></title>\n  \n    <style type=\"text/css\">\n      table, td { color: #000000; } @media (max-width: 480px) { #u_content_image_4 .v-src-width { width: auto !important; } #u_content_image_4 .v-src-max-width { max-width: 57% !important; } #u_content_image_3 .v-container-padding-padding { padding: 46px 10px 10px !important; } #u_content_image_3 .v-src-width { width: auto !important; } #u_content_image_3 .v-src-max-width { max-width: 29% !important; } #u_content_heading_3 .v-container-padding-padding { padding: 10px 20px !important; } #u_content_heading_3 .v-font-size { font-size: 28px !important; } #u_content_text_3 .v-container-padding-padding { padding: 10px 22px 26px !important; } #u_content_heading_2 .v-container-padding-padding { padding: 22px 22px 10px !important; } #u_content_heading_2 .v-font-size { font-size: 24px !important; } }\n@media only screen and (min-width: 620px) {\n  .u-row {\n    width: 600px !important;\n  }\n  .u-row .u-col {\n    vertical-align: top;\n  }\n\n  .u-row .u-col-18 {\n    width: 108px !important;\n  }\n\n  .u-row .u-col-18p34 {\n    width: 110.04px !important;\n  }\n\n  .u-row .u-col-33p33 {\n    width: 199.98px !important;\n  }\n\n  .u-row .u-col-63p66 {\n    width: 381.96px !important;\n  }\n\n  .u-row .u-col-66p67 {\n    width: 400.02px !important;\n  }\n\n  .u-row .u-col-100 {\n    width: 600px !important;\n  }\n\n}\n\n@media (max-width: 620px) {\n  .u-row-container {\n    max-width: 100% !important;\n    padding-left: 0px !important;\n    padding-right: 0px !important;\n  }\n  .u-row .u-col {\n    min-width: 320px !important;\n    max-width: 100% !important;\n    display: block !important;\n  }\n  .u-row {\n    width: calc(100% - 40px) !important;\n  }\n  .u-col {\n    width: 100% !important;\n  }\n  .u-col > div {\n    margin: 0 auto;\n  }\n}\nbody {\n  margin: 0;\n  padding: 0;\n}\n\ntable,\ntr,\ntd {\n  vertical-align: top;\n  border-collapse: collapse;\n}\n\np {\n  margin: 0;\n}\n\n.ie-container table,\n.mso-container table {\n  table-layout: fixed;\n}\n\n* {\n  line-height: inherit;\n}\n\na[x-apple-data-detectors='true'] {\n  color: inherit !important;\n  text-decoration: none !important;\n}\n\n</style>\n  \n  \n\n<!--[if !mso]><!--><link href=\"https://fonts.googleapis.com/css?family=Montserrat:400,700&display=swap\" rel=\"stylesheet\" type=\"text/css\"><!--<![endif]-->\n\n</head>\n\n<body class=\"clean-body u_body\" style=\"margin: 0;padding: 0;-webkit-text-size-adjust: 100%;background-color: #f9f9f9;color: #000000\">\n  <!--[if IE]><div class=\"ie-container\"><![endif]-->\n  <!--[if mso]><div class=\"mso-container\"><![endif]-->\n  <table style=\"border-collapse: collapse;table-layout: fixed;border-spacing: 0;mso-table-lspace: 0pt;mso-table-rspace: 0pt;vertical-align: top;min-width: 320px;Margin: 0 auto;background-color: #f9f9f9;width:100%\" cellpadding=\"0\" cellspacing=\"0\">\n  <tbody>\n  <tr style=\"vertical-align: top\">\n    <td style=\"word-break: break-word;border-collapse: collapse !important;vertical-align: top\">\n    <!--[if (mso)|(IE)]><table width=\"100%\" cellpadding=\"0\" cellspacing=\"0\" border=\"0\"><tr><td align=\"center\" style=\"background-color: #f9f9f9;\"><![endif]-->\n    \n\n<div class=\"u-row-container\" style=\"padding: 0px;background-color: transparent\">\n  <div class=\"u-row\" style=\"Margin: 0 auto;min-width: 320px;max-width: 600px;overflow-wrap: break-word;word-wrap: break-word;word-break: break-word;background-color: #ecf0f0;\">\n    <div style=\"border-collapse: collapse;display: table;width: 100%;background-color: transparent;\">\n      <!--[if (mso)|(IE)]><table width=\"100%\" cellpadding=\"0\" cellspacing=\"0\" border=\"0\"><tr><td style=\"padding: 0px;background-color: transparent;\" align=\"center\"><table cellpadding=\"0\" cellspacing=\"0\" border=\"0\" style=\"width:600px;\"><tr style=\"background-color: #ecf0f0;\"><![endif]-->\n      \n<!--[if (mso)|(IE)]><td align=\"center\" width=\"200\" style=\"background-color: #ecf0f0;width: 200px;padding: 0px;border-top: 0px solid transparent;border-left: 0px solid transparent;border-right: 0px solid transparent;border-bottom: 0px solid transparent;border-radius: 0px;-webkit-border-radius: 0px; -moz-border-radius: 0px;\" valign=\"top\"><![endif]-->\n<div class=\"u-col u-col-33p33\" style=\"max-width: 320px;min-width: 200px;display: table-cell;vertical-align: top;\">\n  <div style=\"background-color: #ecf0f0;width: 100% !important;border-radius: 0px;-webkit-border-radius: 0px; -moz-border-radius: 0px;\">\n  <!--[if (!mso)&(!IE)]><!--><div style=\"padding: 0px;border-top: 0px solid transparent;border-left: 0px solid transparent;border-right: 0px solid transparent;border-bottom: 0px solid transparent;border-radius: 0px;-webkit-border-radius: 0px; -moz-border-radius: 0px;\"><!--<![endif]-->\n  \n<table id=\"u_content_image_4\" style=\"font-family:'Montserrat',sans-serif;\" role=\"presentation\" cellpadding=\"0\" cellspacing=\"0\" width=\"100%\" border=\"0\">\n  <tbody>\n    <tr>\n      <td class=\"v-container-padding-padding\" style=\"overflow-wrap:break-word;word-break:break-word;padding:20px 10px;font-family:'Montserrat',sans-serif;\" align=\"left\">\n        \n<table width=\"100%\" cellpadding=\"0\" cellspacing=\"0\" border=\"0\">\n  <tr>\n    <td style=\"padding-right: 0px;padding-left: 0px;\" align=\"center\">\n      \n            \n    </td>\n  </tr>\n</table>\n\n      </td>\n    </tr>\n  </tbody>\n</table>\n\n  <!--[if (!mso)&(!IE)]><!--></div><!--<![endif]-->\n  </div>\n</div>\n<!--[if (mso)|(IE)]></td><![endif]-->\n<!--[if (mso)|(IE)]><td align=\"center\" width=\"400\" style=\"background-color: #ecf0f0;width: 400px;padding: 0px;border-top: 0px solid transparent;border-left: 0px solid transparent;border-right: 0px solid transparent;border-bottom: 0px solid transparent;border-radius: 0px;-webkit-border-radius: 0px; -moz-border-radius: 0px;\" valign=\"top\"><![endif]-->\n<div class=\"u-col u-col-66p67\" style=\"max-width: 320px;min-width: 400px;display: table-cell;vertical-align: top;\">\n  <div style=\"background-color: #ecf0f0;width: 100% !important;border-radius: 0px;-webkit-border-radius: 0px; -moz-border-radius: 0px;\">\n  <!--[if (!mso)&(!IE)]><!--><div style=\"padding: 0px;border-top: 0px solid transparent;border-left: 0px solid transparent;border-right: 0px solid transparent;border-bottom: 0px solid transparent;border-radius: 0px;-webkit-border-radius: 0px; -moz-border-radius: 0px;\"><!--<![endif]-->\n  \n<table style=\"font-family:'Montserrat',sans-serif;\" role=\"presentation\" cellpadding=\"0\" cellspacing=\"0\" width=\"100%\" border=\"0\">\n  <tbody>\n    <tr>\n      <td class=\"v-container-padding-padding\" style=\"overflow-wrap:break-word;word-break:break-word;padding:10px;font-family:'Montserrat',sans-serif;\" align=\"left\">\n        \n  <h1 class=\"v-font-size\" style=\"margin: 0px; color: #169179; line-height: 350%; text-align: center; word-wrap: break-word; font-weight: normal; font-family: 'Montserrat',sans-serif; font-size: 22px;\">\n    PHOTOBANK\n  </h1>\n\n      </td>\n    </tr>\n  </tbody>\n</table>\n\n  <!--[if (!mso)&(!IE)]><!--></div><!--<![endif]-->\n  </div>\n</div>\n<!--[if (mso)|(IE)]></td><![endif]-->\n      <!--[if (mso)|(IE)]></tr></table></td></tr></table><![endif]-->\n    </div>\n  </div>\n</div>\n\n\n\n<div class=\"u-row-container\" style=\"padding: 0px;background-color: transparent\">\n  <div class=\"u-row\" style=\"Margin: 0 auto;min-width: 320px;max-width: 600px;overflow-wrap: break-word;word-wrap: break-word;word-break: break-word;background-color: transparent;\">\n    <div style=\"border-collapse: collapse;display: table;width: 100%;background-color: transparent;\">\n      <!--[if (mso)|(IE)]><table width=\"100%\" cellpadding=\"0\" cellspacing=\"0\" border=\"0\"><tr><td style=\"padding: 0px;background-color: transparent;\" align=\"center\"><table cellpadding=\"0\" cellspacing=\"0\" border=\"0\" style=\"width:600px;\"><tr style=\"background-color: transparent;\"><![endif]-->\n      \n<!--[if (mso)|(IE)]><td align=\"center\" width=\"600\" style=\"background-color: #fffefe;width: 600px;padding: 0px;border-top: 0px solid transparent;border-left: 0px solid transparent;border-right: 0px solid transparent;border-bottom: 0px solid transparent;border-radius: 0px;-webkit-border-radius: 0px; -moz-border-radius: 0px;\" valign=\"top\"><![endif]-->\n<div class=\"u-col u-col-100\" style=\"max-width: 320px;min-width: 600px;display: table-cell;vertical-align: top;\">\n  <div style=\"background-color: #fffefe;width: 100% !important;border-radius: 0px;-webkit-border-radius: 0px; -moz-border-radius: 0px;\">\n  <!--[if (!mso)&(!IE)]><!--><div style=\"padding: 0px;border-top: 0px solid transparent;border-left: 0px solid transparent;border-right: 0px solid transparent;border-bottom: 0px solid transparent;border-radius: 0px;-webkit-border-radius: 0px; -moz-border-radius: 0px;\"><!--<![endif]-->\n  \n<table id=\"u_content_image_3\" style=\"font-family:'Montserrat',sans-serif;\" role=\"presentation\" cellpadding=\"0\" cellspacing=\"0\" width=\"100%\" border=\"0\">\n  <tbody>\n    <tr>\n      <td class=\"v-container-padding-padding\" style=\"overflow-wrap:break-word;word-break:break-word;padding:55px 10px 10px;font-family:'Montserrat',sans-serif;\" align=\"left\">\n        \n<table width=\"100%\" cellpadding=\"0\" cellspacing=\"0\" border=\"0\">\n  <tr>\n    <td style=\"padding-right: 0px;padding-left: 0px;\" align=\"center\">\n      \n    </td>\n  </tr>\n</table>\n\n      </td>\n    </tr>\n  </tbody>\n</table>\n\n<table id=\"u_content_heading_3\" style=\"font-family:'Montserrat',sans-serif;\" role=\"presentation\" cellpadding=\"0\" cellspacing=\"0\" width=\"100%\" border=\"0\">\n  <tbody>\n    <tr>\n      <td class=\"v-container-padding-padding\" style=\"overflow-wrap:break-word;word-break:break-word;padding:10px 55px;font-family:'Montserrat',sans-serif;\" align=\"left\">\n        \n  <h1 class=\"v-font-size\" style=\"margin: 0px; line-height: 160%; text-align: center; word-wrap: break-word; font-weight: normal; font-family: 'Montserrat',sans-serif; font-size: 33px;\">\n    <strong>Your Photo Downloads are Ready</strong>\n  </h1>\n\n      </td>\n    </tr>\n  </tbody>\n</table>\n\n<table id=\"u_content_text_3\" style=\"font-family:'Montserrat',sans-serif;\" role=\"presentation\" cellpadding=\"0\" cellspacing=\"0\" width=\"100%\" border=\"0\">\n  <tbody>\n    <tr>\n      <td class=\"v-container-padding-padding\" style=\"overflow-wrap:break-word;word-break:break-word;padding:10px 60px 50px;font-family:'Montserrat',sans-serif;\" align=\"left\">\n        \n  <div style=\"color: #444444; line-height: 170%; text-align: center; word-wrap: break-word;\">\n    <p style=\"font-size: 14px; line-height: 170%;\"><span style=\"font-size: 16px; line-height: 27.2px;\">You can find your images saved to your OneDrive Folder located in the \"PhotoDownloads\" Library</span></p>\n<p style=\"font-size: 14px; line-height: 170%;\"><span style=\"font-size: 16px; line-height: 27.2px;\">\n<a href=\"https://tradmed0-my.sharepoint.com\">\nAccess your photos here\n</a>\n\n</span></p>\n  </div>\n\n      </td>\n    </tr>\n  </tbody>\n</table>\n\n  <!--[if (!mso)&(!IE)]><!--></div><!--<![endif]-->\n  </div>\n</div>\n<!--[if (mso)|(IE)]></td><![endif]-->\n      <!--[if (mso)|(IE)]></tr></table></td></tr></table><![endif]-->\n    </div>\n  </div>\n</div>\n\n\n\n<div class=\"u-row-container\" style=\"padding: 0px;background-color: transparent\">\n  <div class=\"u-row\" style=\"Margin: 0 auto;min-width: 320px;max-width: 600px;overflow-wrap: break-word;word-wrap: break-word;word-break: break-word;background-color: #ffffff;\">\n    <div style=\"border-collapse: collapse;display: table;width: 100%;background-color: transparent;\">\n      <!--[if (mso)|(IE)]><table width=\"100%\" cellpadding=\"0\" cellspacing=\"0\" border=\"0\"><tr><td style=\"padding: 0px;background-color: transparent;\" align=\"center\"><table cellpadding=\"0\" cellspacing=\"0\" border=\"0\" style=\"width:600px;\"><tr style=\"background-color: #ffffff;\"><![endif]-->\n      \n<!--[if (mso)|(IE)]><td align=\"center\" width=\"108\" style=\"width: 108px;padding: 0px;border-top: 0px solid transparent;border-left: 0px solid transparent;border-right: 0px solid transparent;border-bottom: 0px solid transparent;border-radius: 0px;-webkit-border-radius: 0px; -moz-border-radius: 0px;\" valign=\"top\"><![endif]-->\n<div class=\"u-col u-col-18\" style=\"max-width: 320px;min-width: 108px;display: table-cell;vertical-align: top;\">\n  <div style=\"width: 100% !important;border-radius: 0px;-webkit-border-radius: 0px; -moz-border-radius: 0px;\">\n  <!--[if (!mso)&(!IE)]><!--><div style=\"padding: 0px;border-top: 0px solid transparent;border-left: 0px solid transparent;border-right: 0px solid transparent;border-bottom: 0px solid transparent;border-radius: 0px;-webkit-border-radius: 0px; -moz-border-radius: 0px;\"><!--<![endif]-->\n  \n<table style=\"font-family:'Montserrat',sans-serif;\" role=\"presentation\" cellpadding=\"0\" cellspacing=\"0\" width=\"100%\" border=\"0\">\n  <tbody>\n    <tr>\n      <td class=\"v-container-padding-padding\" style=\"overflow-wrap:break-word;word-break:break-word;padding:10px;font-family:'Montserrat',sans-serif;\" align=\"left\">\n        \n  <table height=\"0px\" align=\"center\" border=\"0\" cellpadding=\"0\" cellspacing=\"0\" width=\"100%\" style=\"border-collapse: collapse;table-layout: fixed;border-spacing: 0;mso-table-lspace: 0pt;mso-table-rspace: 0pt;vertical-align: top;border-top: 0px solid #ffffff;-ms-text-size-adjust: 100%;-webkit-text-size-adjust: 100%\">\n    <tbody>\n      <tr style=\"vertical-align: top\">\n        <td style=\"word-break: break-word;border-collapse: collapse !important;vertical-align: top;font-size: 0px;line-height: 0px;mso-line-height-rule: exactly;-ms-text-size-adjust: 100%;-webkit-text-size-adjust: 100%\">\n          <span>&#160;</span>\n        </td>\n      </tr>\n    </tbody>\n  </table>\n\n      </td>\n    </tr>\n  </tbody>\n</table>\n\n  <!--[if (!mso)&(!IE)]><!--></div><!--<![endif]-->\n  </div>\n</div>\n<!--[if (mso)|(IE)]></td><![endif]-->\n<!--[if (mso)|(IE)]><td align=\"center\" width=\"380\" style=\"background-color: #367566;width: 380px;padding: 20px;border-top: 1px solid #CCC;border-left: 1px solid #CCC;border-right: 1px solid #CCC;border-bottom: 1px solid #CCC;border-radius: 0px;-webkit-border-radius: 0px; -moz-border-radius: 0px;\" valign=\"top\"><![endif]-->\n<div class=\"u-col u-col-63p66\" style=\"max-width: 320px;min-width: 382px;display: table-cell;vertical-align: top;\">\n  <div style=\"background-color: #367566;width: 100% !important;border-radius: 0px;-webkit-border-radius: 0px; -moz-border-radius: 0px;\">\n  <!--[if (!mso)&(!IE)]><!--><div style=\"padding: 20px;border-top: 1px solid #CCC;border-left: 1px solid #CCC;border-right: 1px solid #CCC;border-bottom: 1px solid #CCC;border-radius: 0px;-webkit-border-radius: 0px; -moz-border-radius: 0px;\"><!--<![endif]-->\n  \n<table style=\"font-family:'Montserrat',sans-serif;\" role=\"presentation\" cellpadding=\"0\" cellspacing=\"0\" width=\"100%\" border=\"0\">\n  <tbody>\n    <tr>\n      <td class=\"v-container-padding-padding\" style=\"overflow-wrap:break-word;word-break:break-word;padding:0px;font-family:'Montserrat',sans-serif;\" align=\"left\">\n        \n  <h1 class=\"v-font-size\" style=\"margin: 0px; color: #f3ff4d; line-height: 160%; text-align: center; word-wrap: break-word; font-weight: normal; font-family: 'Montserrat',sans-serif; font-size: 20px;\">\n    <strong>Delivered Items:</strong>\n  </h1>\n\n      </td>\n    </tr>\n  </tbody>\n</table>\n\n<table style=\"font-family:'Montserrat',sans-serif;\" role=\"presentation\" cellpadding=\"0\" cellspacing=\"0\" width=\"100%\" border=\"0\">\n  <tbody>\n    <tr>\n      <td class=\"v-container-padding-padding\" style=\"overflow-wrap:break-word;word-break:break-word;padding:10px;font-family:'Montserrat',sans-serif;\" align=\"left\">\n        \n  <div style=\"color: #f1f8f5; line-height: 200%; text-align: left; word-wrap: break-word;\">\n    <p style=\"font-size: 14px; line-height: 200%;\"><span style=\"color: #f7e1b5; font-size: 14px; line-height: 28px;\"><strong><span style=\"font-size: 14px; line-height: 28px;\">-</span></strong>&nbsp;</span> Mailchimp Setup &amp; Integration</p>\n<p style=\"font-size: 14px; line-height: 200%;\"><span style=\"color: #f7e1b5; font-size: 14px; line-height: 28px;\"><strong>-</strong></span> &nbsp;Contact upload &amp; Segmentation</p>\n<p style=\"font-size: 14px; line-height: 200%;\"><span style=\"color: #f7e1b5; font-size: 14px; line-height: 28px;\">-</span> &nbsp;Template Design, upload, and setup</p>\n<p style=\"font-size: 14px; line-height: 200%;\"><span style=\"color: #f7e1b5; font-size: 14px; line-height: 28px;\">-</span> &nbsp;Campaign setup &amp; schedule</p>\n  </div>\n\n      </td>\n    </tr>\n  </tbody>\n</table>\n\n  <!--[if (!mso)&(!IE)]><!--></div><!--<![endif]-->\n  </div>\n</div>\n<!--[if (mso)|(IE)]></td><![endif]-->\n<!--[if (mso)|(IE)]><td align=\"center\" width=\"110\" style=\"width: 110px;padding: 0px;border-top: 0px solid transparent;border-left: 0px solid transparent;border-right: 0px solid transparent;border-bottom: 0px solid transparent;border-radius: 0px;-webkit-border-radius: 0px; -moz-border-radius: 0px;\" valign=\"top\"><![endif]-->\n<div class=\"u-col u-col-18p34\" style=\"max-width: 320px;min-width: 110px;display: table-cell;vertical-align: top;\">\n  <div style=\"width: 100% !important;border-radius: 0px;-webkit-border-radius: 0px; -moz-border-radius: 0px;\">\n  <!--[if (!mso)&(!IE)]><!--><div style=\"padding: 0px;border-top: 0px solid transparent;border-left: 0px solid transparent;border-right: 0px solid transparent;border-bottom: 0px solid transparent;border-radius: 0px;-webkit-border-radius: 0px; -moz-border-radius: 0px;\"><!--<![endif]-->\n  \n<table style=\"font-family:'Montserrat',sans-serif;\" role=\"presentation\" cellpadding=\"0\" cellspacing=\"0\" width=\"100%\" border=\"0\">\n  <tbody>\n    <tr>\n      <td class=\"v-container-padding-padding\" style=\"overflow-wrap:break-word;word-break:break-word;padding:10px;font-family:'Montserrat',sans-serif;\" align=\"left\">\n        \n  <table height=\"0px\" align=\"center\" border=\"0\" cellpadding=\"0\" cellspacing=\"0\" width=\"100%\" style=\"border-collapse: collapse;table-layout: fixed;border-spacing: 0;mso-table-lspace: 0pt;mso-table-rspace: 0pt;vertical-align: top;border-top: 0px solid #ffffff;-ms-text-size-adjust: 100%;-webkit-text-size-adjust: 100%\">\n    <tbody>\n      <tr style=\"vertical-align: top\">\n        <td style=\"word-break: break-word;border-collapse: collapse !important;vertical-align: top;font-size: 0px;line-height: 0px;mso-line-height-rule: exactly;-ms-text-size-adjust: 100%;-webkit-text-size-adjust: 100%\">\n          <span>&#160;</span>\n        </td>\n      </tr>\n    </tbody>\n  </table>\n\n      </td>\n    </tr>\n  </tbody>\n</table>\n\n  <!--[if (!mso)&(!IE)]><!--></div><!--<![endif]-->\n  </div>\n</div>\n<!--[if (mso)|(IE)]></td><![endif]-->\n      <!--[if (mso)|(IE)]></tr></table></td></tr></table><![endif]-->\n    </div>\n  </div>\n</div>\n\n\n\n<div class=\"u-row-container\" style=\"padding: 0px;background-color: transparent\">\n  <div class=\"u-row\" style=\"Margin: 0 auto;min-width: 320px;max-width: 600px;overflow-wrap: break-word;word-wrap: break-word;word-break: break-word;background-color: #ffffff;\">\n    <div style=\"border-collapse: collapse;display: table;width: 100%;background-color: transparent;\">\n      <!--[if (mso)|(IE)]><table width=\"100%\" cellpadding=\"0\" cellspacing=\"0\" border=\"0\"><tr><td style=\"padding: 0px;background-color: transparent;\" align=\"center\"><table cellpadding=\"0\" cellspacing=\"0\" border=\"0\" style=\"width:600px;\"><tr style=\"background-color: #ffffff;\"><![endif]-->\n      \n<!--[if (mso)|(IE)]><td align=\"center\" width=\"600\" style=\"width: 600px;padding: 0px;border-top: 0px solid transparent;border-left: 0px solid transparent;border-right: 0px solid transparent;border-bottom: 0px solid transparent;border-radius: 0px;-webkit-border-radius: 0px; -moz-border-radius: 0px;\" valign=\"top\"><![endif]-->\n<div class=\"u-col u-col-100\" style=\"max-width: 320px;min-width: 600px;display: table-cell;vertical-align: top;\">\n  <div style=\"width: 100% !important;border-radius: 0px;-webkit-border-radius: 0px; -moz-border-radius: 0px;\">\n  <!--[if (!mso)&(!IE)]><!--><div style=\"padding: 0px;border-top: 0px solid transparent;border-left: 0px solid transparent;border-right: 0px solid transparent;border-bottom: 0px solid transparent;border-radius: 0px;-webkit-border-radius: 0px; -moz-border-radius: 0px;\"><!--<![endif]-->\n  \n<table id=\"u_content_heading_2\" style=\"font-family:'Montserrat',sans-serif;\" role=\"presentation\" cellpadding=\"0\" cellspacing=\"0\" width=\"100%\" border=\"0\">\n  <tbody>\n    <tr>\n      <td class=\"v-container-padding-padding\" style=\"overflow-wrap:break-word;word-break:break-word;padding:40px 55px 10px;font-family:'Montserrat',sans-serif;\" align=\"left\">\n        \n  <h1 class=\"v-font-size\" style=\"margin: 0px; line-height: 160%; text-align: center; word-wrap: break-word; font-weight: normal; font-family: 'Montserrat',sans-serif; font-size: 26px;\">\n    <strong>Thank You for Using the PhotoBank!</strong>\n  </h1>\n\n      </td>\n    </tr>\n  </tbody>\n</table>\n\n  <!--[if (!mso)&(!IE)]><!--></div><!--<![endif]-->\n  </div>\n</div>\n<!--[if (mso)|(IE)]></td><![endif]-->\n      <!--[if (mso)|(IE)]></tr></table></td></tr></table><![endif]-->\n    </div>\n  </div>\n</div>\n\n\n\n<div class=\"u-row-container\" style=\"padding: 0px;background-color: transparent\">\n  <div class=\"u-row\" style=\"Margin: 0 auto;min-width: 320px;max-width: 600px;overflow-wrap: break-word;word-wrap: break-word;word-break: break-word;background-color: #111114;\">\n    <div style=\"border-collapse: collapse;display: table;width: 100%;background-color: transparent;\">\n      <!--[if (mso)|(IE)]><table width=\"100%\" cellpadding=\"0\" cellspacing=\"0\" border=\"0\"><tr><td style=\"padding: 0px;background-color: transparent;\" align=\"center\"><table cellpadding=\"0\" cellspacing=\"0\" border=\"0\" style=\"width:600px;\"><tr style=\"background-color: #111114;\"><![endif]-->\n      \n<!--[if (mso)|(IE)]><td align=\"center\" width=\"600\" style=\"width: 600px;padding: 0px;border-top: 0px solid transparent;border-left: 0px solid transparent;border-right: 0px solid transparent;border-bottom: 0px solid transparent;border-radius: 0px;-webkit-border-radius: 0px; -moz-border-radius: 0px;\" valign=\"top\"><![endif]-->\n<div class=\"u-col u-col-100\" style=\"max-width: 320px;min-width: 600px;display: table-cell;vertical-align: top;\">\n  <div style=\"width: 100% !important;border-radius: 0px;-webkit-border-radius: 0px; -moz-border-radius: 0px;\">\n  <!--[if (!mso)&(!IE)]><!--><div style=\"padding: 0px;border-top: 0px solid transparent;border-left: 0px solid transparent;border-right: 0px solid transparent;border-bottom: 0px solid transparent;border-radius: 0px;-webkit-border-radius: 0px; -moz-border-radius: 0px;\"><!--<![endif]-->\n  \n<table style=\"font-family:'Montserrat',sans-serif;\" role=\"presentation\" cellpadding=\"0\" cellspacing=\"0\" width=\"100%\" border=\"0\">\n  <tbody>\n    <tr>\n      <td class=\"v-container-padding-padding\" style=\"overflow-wrap:break-word;word-break:break-word;padding:10px;font-family:'Montserrat',sans-serif;\" align=\"left\">\n        \n  <table height=\"0px\" align=\"center\" border=\"0\" cellpadding=\"0\" cellspacing=\"0\" width=\"82%\" style=\"border-collapse: collapse;table-layout: fixed;border-spacing: 0;mso-table-lspace: 0pt;mso-table-rspace: 0pt;vertical-align: top;border-top: 1px solid #9495a7;-ms-text-size-adjust: 100%;-webkit-text-size-adjust: 100%\">\n    <tbody>\n      <tr style=\"vertical-align: top\">\n        <td style=\"word-break: break-word;border-collapse: collapse !important;vertical-align: top;font-size: 0px;line-height: 0px;mso-line-height-rule: exactly;-ms-text-size-adjust: 100%;-webkit-text-size-adjust: 100%\">\n          <span>&#160;</span>\n        </td>\n      </tr>\n    </tbody>\n  </table>\n\n      </td>\n    </tr>\n  </tbody>\n</table>\n\n  <!--[if (!mso)&(!IE)]><!--></div><!--<![endif]-->\n  </div>\n</div>\n<!--[if (mso)|(IE)]></td><![endif]-->\n      <!--[if (mso)|(IE)]></tr></table></td></tr></table><![endif]-->\n    </div>\n  </div>\n</div>\n\n\n    <!--[if (mso)|(IE)]></td></tr></table><![endif]-->\n    </td>\n  </tr>\n  </tbody>\n  </table>\n  <!--[if mso]></div><![endif]-->\n  <!--[if IE]></div><![endif]-->\n</body>\n\n</html>\n"},"authentication":{"value":"@json(decodeBase64(triggerOutputs().headers['X-MS-APIM-Tokens']))['$ConnectionKey']","type":"Raw"}}},"Initialize_variable":{"runAfter":{"Parse_JSON":["Succeeded"]},"metadata":{"operationMetadataId":"c7a9aace-beaf-45fc-b106-5534778da368"},"type":"InitializeVariable","inputs":{"variables":[{"name":"varURL","type":"string"}]}}},"outputs":{},"description":"Create one or more actions to happen when a button or link in Power Apps is selected. To use this flow from a Power App, select the control you want to trigger the flow and go to the Action tab in the Power Apps ribbon and select Flows."},"connectionReferences":{"shared_sharepointonline":{"connectionName":"5a732ce4e8b541d09b6caac7ed709098","source":"Invoker","id":"/providers/Microsoft.PowerApps/apis/shared_sharepointonline","tier":"NotSpecified"},"shared_onedriveforbusiness":{"connectionName":"e52d3b2089e64e0881b3a52da1053bb3","source":"Invoker","id":"/providers/Microsoft.PowerApps/apis/shared_onedriveforbusiness","tier":"NotSpecified"},"shared_office365":{"connectionName":"shared-office365-a1561247-ded9-468c-9940-69e6-63a13bd8","source":"Invoker","id":"/providers/Microsoft.PowerApps/apis/shared_office365","tier":"NotSpecified"}},"flowFailureAlertSubscribed":false}}