{"schemaVersion":"1.0","appDefinitionTemplate":{"id":"/providers/Microsoft.PowerApps/apps/","type":"Microsoft.PowerApps/apps","tags":{"primaryDeviceWidth":"1535","primaryDeviceHeight":"643","supportsPortrait":"true","supportsLandscape":"true","primaryFormFactor":"Tablet","publisherVersion":"3.22054.13","minimumRequiredApiVersion":"2.2.0","hasComponent":"true","hasUnlockedComponent":"true","isUnifiedRootApp":"false","sienaVersion":"20220527T133329Z-3.22054.13.0"},"properties":{"appVersion":"2022-05-27T13:33:29Z","lifeCycleId":"Published","createdByClientVersion":{"major":3,"minor":22054,"build":13,"revision":0,"majorRevision":0,"minorRevision":0},"minClientVersion":{"major":3,"minor":22054,"build":13,"revision":0,"majorRevision":0,"minorRevision":0},"backgroundColor":"RGBA(0,176,240,1)","backgroundImageUri":"/13559755968966635557/N62397f02-48ba-4ce0-a962-44c7a2c40562-logoSmallFile","displayName":"MSUS SOLUTION ACCELERATORS","description":"","commitMessage":"","appUris":{"documentUri":{"value":"/13559755968966635557/N8d914698-d464-4804-a787-eca108cb3bf8-document.msapp"},"imageUris":[]},"createdTime":"0001-01-01T00:00:00Z","lastModifiedTime":"0001-01-01T00:00:00Z","sharedGroupsCount":0,"sharedUsersCount":0,"icons":{"smallIconUri":"/13559755968966635557/N9ce7ac4b-ba91-496d-a674-c4e797f59f1a-small.png","mediumIconUri":"/13559755968966635557/Nd8beba54-e601-4a2f-8a46-805c7efab972-medium.png","largeIconUri":"/13559755968966635557/Nf680f27f-6b74-47af-aa94-54b0db01d813-large.png","wideIconUri":"/13559755968966635557/N49870221-7555-4fbe-8e4e-728e424de6b5-wide.png"},"connectionReferences":{"b7946db8-bb9d-48ac-a127-015b8ccceef8":{"id":"68663f01-f145-4351-82f6-6d4b4972329e","displayName":"SharePoint","iconUri":"https://connectoricons-prod.azureedge.net/releases/v1.0.1578/1.0.1578.2813/sharepointonline/icon.png","dataSources":["Asset Logo","SA_DATA2","Feedback","Images","Assets"],"dependencies":[],"dependents":["e88ca803-1c69-4ca5-b6df-344c56785a43","da1d1fd1-4d93-4ace-9f7c-2e2e8a74e69e"],"parameterHints":{},"parameterHintsV2":{},"isOnPremiseConnection":false,"bypassConsent":false,"dataSets":{"https://microsoft.sharepoint.com/teams/MSUS-SolutionAccelerator":{"dataSources":{"Asset Logo":{"tableName":"b5e1d8ff-6356-49d8-b7db-37350f6913e4"},"SA_DATA2":{"tableName":"a59cae4e-e0a9-480d-85c4-62c0090c2f92"},"Feedback":{"tableName":"f685a776-ccf0-475b-9162-ed9d9829766f"},"Images":{"tableName":"3471bc99-5d73-4a18-9326-794d43aaa5bf"},"Assets":{"tableName":"b22704a3-3e9d-4e64-b410-cb46ae8f1de9"}}}},"apiTier":"Standard","isCustomApiConnection":false,"actions":["providers/PowerPlatform.Governance/Operations/Read"]},"e88ca803-1c69-4ca5-b6df-344c56785a43":{"id":"44c16b51-4e8e-4ffc-ae1b-7242ebba3607","displayName":"Logic flows","iconUri":"https://connectoricons-prod.azureedge.net/releases/v1.0.1534/1.0.1534.2605/logicflows/icon.png","dataSources":["Copyof-CommentsVersion"],"dependencies":["b7946db8-bb9d-48ac-a127-015b8ccceef8","b7946db8-bb9d-48ac-a127-015b8ccceef8"],"dependents":[],"parameterHints":{"workflowName":{"value":"ef3f2931-7ddf-4031-a62d-daca564ac301"},"workflowEntityId":{},"b7946db8-bb9d-48ac-a127-015b8ccceef8":{"value":"shared_sharepointonline"}},"parameterHintsV2":{"workflowName":{"value":"ef3f2931-7ddf-4031-a62d-daca564ac301"},"workflowEntityId":{},"shared_sharepointonline_1":{"value":"b7946db8-bb9d-48ac-a127-015b8ccceef8"},"shared_sharepointonline":{"value":"b7946db8-bb9d-48ac-a127-015b8ccceef8"}},"isOnPremiseConnection":false,"bypassConsent":false,"dataSets":{},"apiTier":"Standard","isCustomApiConnection":false,"actions":["Run"],"nestedActions":[{"id":"/providers/Microsoft.PowerApps/apis/shared_sharepointonline/apiOperations/HttpRequest","apiName":"SharePoint","actionName":"HttpRequest","referencedResources":[]}]},"da1d1fd1-4d93-4ace-9f7c-2e2e8a74e69e":{"id":"44c16b51-4e8e-4ffc-ae1b-7242ebba3607","displayName":"Logic flows","iconUri":"https://connectoricons-prod.azureedge.net/releases/v1.0.1534/1.0.1534.2605/logicflows/icon.png","dataSources":["CheckUserMembership2"],"dependencies":["b7946db8-bb9d-48ac-a127-015b8ccceef8"],"dependents":[],"parameterHints":{"workflowName":{"value":"d4a1c908-7841-4f05-a079-ab2115400bec"},"workflowEntityId":{},"b7946db8-bb9d-48ac-a127-015b8ccceef8":{"value":"shared_sharepointonline"}},"parameterHintsV2":{"workflowName":{"value":"d4a1c908-7841-4f05-a079-ab2115400bec"},"workflowEntityId":{},"shared_sharepointonline":{"value":"b7946db8-bb9d-48ac-a127-015b8ccceef8"}},"isOnPremiseConnection":false,"bypassConsent":false,"dataSets":{},"apiTier":"Standard","isCustomApiConnection":false,"actions":["Run"],"nestedActions":[{"id":"/providers/Microsoft.PowerApps/apis/shared_sharepointonline/apiOperations/HttpRequest","apiName":"SharePoint","actionName":"HttpRequest","referencedResources":[{"key":"site","value":"https://microsoft.sharepoint.com/teams/MSUS-SolutionAccelerator"}]}]}},"databaseReferences":{},"almMode":"Environment","performanceOptimizationEnabled":true,"canConsumeAppPass":true,"executionRestrictions":{"isTeamsOnly":false,"dataLossPreventionEvaluationResult":{"status":"Compliant","lastEvaluationDate":"2022-05-27T13:33:52.477144Z","violations":[],"violationsByPolicy":[],"violationErrorMessage":"The app uses the following connectors: shared_sharepointonline, shared_logicflows."},"httpActionRestriction":{"appUsesSharepointHttpAction":true,"enforcementStrategy":"Legacy","evaluationTime":"2022-05-27T13:33:52.477144Z"}}},"appType":"ClassicCanvasApp","appComponents":[]}}