{"schemaVersion":"1.0","appDefinitionTemplate":{"id":"/providers/Microsoft.PowerApps/apps/","type":"Microsoft.PowerApps/apps","tags":{"minimumRequiredApiVersion":"2.2.0","primaryDeviceWidth":"1841","primaryDeviceHeight":"1026","sienaVersion":"20220321T214105Z-3.22022.31.0","deviceCapabilities":"","supportsPortrait":"false","supportsLandscape":"true","primaryFormFactor":"Tablet","publisherVersion":"3.22022.31","hasComponent":"false","hasUnlockedComponent":"false","isUnifiedRootApp":"false"},"properties":{"appVersion":"2022-03-21T21:41:05Z","lifeCycleId":"Published","createdByClientVersion":{"major":3,"minor":22022,"build":31,"revision":0,"majorRevision":0,"minorRevision":0},"minClientVersion":{"major":3,"minor":22022,"build":31,"revision":0,"majorRevision":0,"minorRevision":0},"backgroundColor":"RGBA(0,176,240,1)","backgroundImageUri":"/7702170582460437461/Na1a42aa5-517c-40d1-b4c2-47cfc39902de-logoSmallFile","displayName":"PhotoBank","description":"","commitMessage":"","appUris":{"documentUri":{"value":"/7702170582460437461/N5c025905-bc0f-46bb-b66a-825223d4ff10-document.msapp"},"imageUris":[]},"createdTime":"0001-01-01T00:00:00Z","lastModifiedTime":"0001-01-01T00:00:00Z","sharedGroupsCount":0,"sharedUsersCount":0,"icons":{"smallIconUri":"/7702170582460437461/Nc5002265-16b9-4e11-a9fb-104062188c5e-small.png","mediumIconUri":"/7702170582460437461/Nf38d29b4-f0f9-44ad-a7ba-fb9479b03601-medium.png","largeIconUri":"/7702170582460437461/N21e3b21d-2209-4c5f-881e-bb9b8fc4b629-large.png","wideIconUri":"/7702170582460437461/Nc87e4c4a-c7ea-4031-9e24-4f4789a89f51-wide.png"},"connectionReferences":{"9f141499-2a53-48dd-8a8b-0778b6cf98c3":{"id":"2fab8d93-d412-4bc7-9273-df5d9c51522e","displayName":"SharePoint","iconUri":"https://connectoricons-prod.azureedge.net/releases/v1.0.1559/1.0.1559.2723/sharepointonline/icon.png","dataSources":["Tags","PublishingMedia_1"],"dependencies":[],"dependents":["6aeb88fb-facc-4aa3-bf07-f9fa018bec71","c8a1ab30-b850-4a23-891e-a61c3b727b72"],"parameterHints":{},"parameterHintsV2":{},"isOnPremiseConnection":false,"bypassConsent":false,"dataSets":{"https://tradmed0.sharepoint.com/sites/PhotoBank":{"dataSources":{"Tags":{"tableName":"4417ee7b-b3b4-4c38-b38f-4ffb79848604"},"PublishingMedia_1":{"tableName":"342e55ba-8741-4428-939e-e117791b99c0"}}}},"apiTier":"Standard","isCustomApiConnection":false,"actions":["providers/PowerPlatform.Governance/Operations/Read"]},"6aeb88fb-facc-4aa3-bf07-f9fa018bec71":{"id":"ffafb63b-48c3-4e47-82e2-a1b39dfbcd90","displayName":"Logic flows","iconUri":"https://connectoricons-prod.azureedge.net/releases/v1.0.1534/1.0.1534.2605/logicflows/icon.png","dataSources":["UploadImages"],"dependencies":["9f141499-2a53-48dd-8a8b-0778b6cf98c3"],"dependents":[],"parameterHints":{"workflowName":{"value":"94154186-b879-461f-b621-0ff06c8344b3"},"workflowEntityId":{},"9f141499-2a53-48dd-8a8b-0778b6cf98c3":{"value":"shared_sharepointonline"}},"parameterHintsV2":{"workflowName":{"value":"94154186-b879-461f-b621-0ff06c8344b3"},"workflowEntityId":{},"shared_sharepointonline":{"value":"9f141499-2a53-48dd-8a8b-0778b6cf98c3"}},"isOnPremiseConnection":false,"bypassConsent":false,"dataSets":{},"apiTier":"Standard","isCustomApiConnection":false,"actions":["Run"],"nestedActions":[{"id":"/providers/Microsoft.PowerApps/apis/shared_sharepointonline/apiOperations/CreateFile","apiName":"SharePoint","actionName":"CreateFile","referencedResources":[{"key":"site","value":"https://tradmed0.sharepoint.com/sites/PhotoBank"}]},{"id":"/providers/Microsoft.PowerApps/apis/shared_sharepointonline/apiOperations/PatchFileItem","apiName":"SharePoint","actionName":"PatchFileItem","referencedResources":[]}]},"94782726-cd4c-4cc8-858a-fe2300062ad6":{"id":"359c2a4a-c2e5-4198-842a-60368e09816a","displayName":"Office 365 Users","iconUri":"https://connectoricons-prod.azureedge.net/releases/v1.0.1559/1.0.1559.2723/office365users/icon.png","dataSources":["Office365Users"],"dependencies":[],"dependents":[],"parameterHints":{},"parameterHintsV2":{},"isOnPremiseConnection":false,"bypassConsent":false,"dataSets":{},"apiTier":"Standard","isCustomApiConnection":false,"actions":["SearchUser"]},"68b42881-1eab-4708-93f7-3c340467c769":{"id":"8d853626-ab23-461b-9101-d09328dd77fb","displayName":"Office 365 Outlook","iconUri":"https://connectoricons-prod.azureedge.net/releases/v1.0.1538/1.0.1538.2621/office365/icon.png","dataSources":["Office365Outlook"],"dependencies":[],"dependents":["c8a1ab30-b850-4a23-891e-a61c3b727b72","1217979b-0c0e-4718-a261-9965b26e4770"],"parameterHints":{},"parameterHintsV2":{},"isOnPremiseConnection":false,"bypassConsent":false,"dataSets":{},"apiTier":"Standard","isCustomApiConnection":false,"actions":["SendEmailV2"]},"c8a1ab30-b850-4a23-891e-a61c3b727b72":{"id":"ffafb63b-48c3-4e47-82e2-a1b39dfbcd90","displayName":"Logic flows","iconUri":"https://connectoricons-prod.azureedge.net/releases/v1.0.1534/1.0.1534.2605/logicflows/icon.png","dataSources":["DownloadImages"],"dependencies":["9f141499-2a53-48dd-8a8b-0778b6cf98c3","e2d16a45-6cb8-41bf-9090-b0b3e62f6576","68b42881-1eab-4708-93f7-3c340467c769"],"dependents":[],"parameterHints":{"workflowName":{"value":"54632dd6-5f8e-4742-b2df-c630985d81bf"},"workflowEntityId":{},"9f141499-2a53-48dd-8a8b-0778b6cf98c3":{"value":"shared_sharepointonline"},"e2d16a45-6cb8-41bf-9090-b0b3e62f6576":{"value":"shared_onedriveforbusiness"},"68b42881-1eab-4708-93f7-3c340467c769":{"value":"shared_office365"}},"parameterHintsV2":{"workflowName":{"value":"54632dd6-5f8e-4742-b2df-c630985d81bf"},"workflowEntityId":{},"shared_sharepointonline":{"value":"9f141499-2a53-48dd-8a8b-0778b6cf98c3"},"shared_onedriveforbusiness":{"value":"e2d16a45-6cb8-41bf-9090-b0b3e62f6576"},"shared_office365":{"value":"68b42881-1eab-4708-93f7-3c340467c769"}},"isOnPremiseConnection":false,"bypassConsent":false,"dataSets":{},"apiTier":"Standard","isCustomApiConnection":false,"actions":["Run"],"nestedActions":[{"id":"/providers/Microsoft.PowerApps/apis/shared_office365/apiOperations/SendEmailV2","apiName":"Office 365 Outlook","actionName":"SendEmailV2","referencedResources":[]},{"id":"/providers/Microsoft.PowerApps/apis/shared_sharepointonline/apiOperations/GetFileContent","apiName":"SharePoint","actionName":"GetFileContent","referencedResources":[{"key":"site","value":"https://tradmed0.sharepoint.com/sites/PhotoBank"}]},{"id":"/providers/Microsoft.PowerApps/apis/shared_onedriveforbusiness/apiOperations/CreateFile","apiName":"OneDrive for Business","actionName":"CreateFile","referencedResources":[]}]},"e2d16a45-6cb8-41bf-9090-b0b3e62f6576":{"id":"18e08c7e-480c-410c-b6ec-94c12050a2d2","displayName":"OneDrive for Business","iconUri":"https://connectoricons-prod.azureedge.net/releases/v1.0.1546/1.0.1546.2665/onedriveforbusiness/icon.png","dataSources":[],"dependencies":[],"dependents":["c8a1ab30-b850-4a23-891e-a61c3b727b72"],"parameterHints":{},"parameterHintsV2":{},"isOnPremiseConnection":false,"bypassConsent":false,"dataSets":{},"apiTier":"Standard","isCustomApiConnection":false},"1217979b-0c0e-4718-a261-9965b26e4770":{"id":"ffafb63b-48c3-4e47-82e2-a1b39dfbcd90","displayName":"Logic flows","iconUri":"https://connectoricons-prod.azureedge.net/releases/v1.0.1534/1.0.1534.2605/logicflows/icon.png","dataSources":["ShareImages"],"dependencies":["68b42881-1eab-4708-93f7-3c340467c769"],"dependents":[],"parameterHints":{"workflowName":{"value":"522a11b5-4359-41df-910d-f73977f0d7ff"},"workflowEntityId":{},"68b42881-1eab-4708-93f7-3c340467c769":{"value":"shared_office365"}},"parameterHintsV2":{"workflowName":{"value":"522a11b5-4359-41df-910d-f73977f0d7ff"},"workflowEntityId":{},"shared_office365":{"value":"68b42881-1eab-4708-93f7-3c340467c769"}},"isOnPremiseConnection":false,"bypassConsent":false,"dataSets":{},"apiTier":"Standard","isCustomApiConnection":false,"actions":["Run"],"nestedActions":[{"id":"/providers/Microsoft.PowerApps/apis/shared_office365/apiOperations/SendEmailV2","apiName":"Office 365 Outlook","actionName":"SendEmailV2","referencedResources":[]}]}},"databaseReferences":{},"almMode":"Environment","performanceOptimizationEnabled":true,"executionRestrictions":{"isTeamsOnly":false,"dataLossPreventionEvaluationResult":{"status":"Compliant","lastEvaluationDate":"2022-03-21T21:41:28.3643271Z","violations":[],"violationsByPolicy":[],"violationErrorMessage":"The app uses the following connectors: shared_sharepointonline, shared_logicflows, shared_office365users, shared_office365, shared_onedriveforbusiness."},"httpActionRestriction":{"appUsesSharepointHttpAction":false,"enforcementStrategy":"Legacy","evaluationTime":"2022-03-21T21:41:28.3643271Z"}}},"appType":"ClassicCanvasApp","appComponents":[]}}