{"name":"0ca6c825-17e7-4c6d-b254-fc266c0c5f59","id":"/providers/Microsoft.Flow/flows/0ca6c825-17e7-4c6d-b254-fc266c0c5f59","type":"Microsoft.Flow/flows","properties":{"apiId":"/providers/Microsoft.PowerApps/apis/shared_logicflows","displayName":"Copy of - CommentsVersion","definition":{"metadata":{"workflowEntityId":null,"processAdvisorMetadata":null,"flowclientsuspensionreason":"None","flowclientsuspensiontime":null,"creator":{"id":"53a19ab1-ea57-4053-b315-3ce6eceaa3a1","type":"User","tenantId":"72f988bf-86f1-41af-91ab-2d7cd011db47"},"provisioningMethod":"FromDefinition","failureAlertSubscription":true,"clientLastModifiedTime":"2022-05-26T11:49:40.6073572Z"},"$schema":"https://schema.management.azure.com/providers/Microsoft.Logic/schemas/2016-06-01/workflowdefinition.json#","contentVersion":"1.0.0.0","parameters":{"$connections":{"defaultValue":{},"type":"Object"},"$authentication":{"defaultValue":{},"type":"SecureObject"}},"triggers":{"manual":{"metadata":{"operationMetadataId":"03fbdc95-7abb-4e0d-80a9-a737ce9bbe29"},"type":"Request","kind":"PowerApp","inputs":{"schema":{"type":"object","properties":{"Initializevariable2_Value":{"type":"string","description":"Enter initial value","x-ms-powerflows-param-ispartial":false}},"required":["Initializevariable2_Value"]}}}},"actions":{"Initialize_variable":{"runAfter":{},"metadata":{"operationMetadataId":"7653d520-688c-4c1d-9e2e-2cdd82ab6c79"},"type":"InitializeVariable","inputs":{"variables":[{"name":"Comments","type":"string"}]}},"Initialize_variable_2":{"runAfter":{"Initialize_variable":["Succeeded"]},"metadata":{"operationMetadataId":"83b33378-64a4-4b91-924c-3517a9715d50"},"type":"InitializeVariable","inputs":{"variables":[{"name":"ItemID","type":"string","value":"@triggerBody()['Initializevariable2_Value']"}]}},"Respond_to_a_PowerApp_or_flow":{"runAfter":{"Apply_to_each_2":["Succeeded"]},"metadata":{"operationMetadataId":"3a69c7c9-7d51-410a-8e0f-2f9921549c60"},"type":"Response","kind":"PowerApp","inputs":{"statusCode":200,"body":{"feedback":"@variables('Comments')"},"schema":{"type":"object","properties":{"feedback":{"title":"Feedback","x-ms-dynamically-added":true,"type":"string"}}}}},"Send_an_HTTP_request_to_SharePoint_2":{"runAfter":{"Initialize_variable_2":["Succeeded"]},"metadata":{"operationMetadataId":"9518db95-ece0-4bd7-bf97-111944bacb34"},"type":"OpenApiConnection","inputs":{"host":{"apiId":"/providers/Microsoft.PowerApps/apis/shared_sharepointonline","connectionName":"shared_sharepointonline_1","operationId":"HttpRequest"},"parameters":{"dataset":"https://microsoft.sharepoint.com/teams/MSUS-SolutionAccelerator","parameters/method":"GET","parameters/uri":"_api/web/lists/GetByTitle('Feedback')/items?$filter=ProductId eq @{int(variables('ItemID'))}","parameters/headers":{"accept":"application/json; odata=nometadata"}},"authentication":{"value":"@json(decodeBase64(triggerOutputs().headers['X-MS-APIM-Tokens']))['$ConnectionKey']","type":"Raw"}}},"Apply_to_each_2":{"foreach":"@body('Send_an_HTTP_request_to_SharePoint_2')?['value']","actions":{"Send_an_HTTP_request_to_SharePoint_3":{"runAfter":{},"metadata":{"operationMetadataId":"3e160bb5-56ca-4ce0-8e8a-5c770dfff768"},"type":"OpenApiConnection","inputs":{"host":{"apiId":"/providers/Microsoft.PowerApps/apis/shared_sharepointonline","connectionName":"shared_sharepointonline","operationId":"HttpRequest"},"parameters":{"dataset":"https://microsoft.sharepoint.com/teams/MSUS-SolutionAccelerator","parameters/method":"GET","parameters/uri":"_api/web/lists/GetByTitle('Feedback')/items(@{items('Apply_to_each_2')?['ID']})/versions","parameters/headers":{"accept":"application/json; odata=nometadata"}},"authentication":{"value":"@json(decodeBase64(triggerOutputs().headers['X-MS-APIM-Tokens']))['$ConnectionKey']","type":"Raw"}}},"Apply_to_each_3":{"foreach":"@body('Send_an_HTTP_request_to_SharePoint_3')?['value']","actions":{"Compose_2":{"runAfter":{},"metadata":{"operationMetadataId":"4e4774e3-d068-4f1b-99e1-2b5bf1c94167"},"type":"Compose","inputs":"@formatdatetime(items('Apply_to_each_3')['Modified'], 'MM/dd/yyyy hh:mm tt')"},"Condition_2":{"actions":{"Append_to_string_variable_2":{"runAfter":{},"metadata":{"operationMetadataId":"254f23a2-539b-49ba-9c3f-1048262ad424"},"type":"AppendToStringVariable","inputs":{"name":"Comments","value":"@concat('<span style=\"margin-right:5px;color:blue;\"><b><u>', items('Apply_to_each_3')['Editor']['LookupValue'], '</u></b></span>', outputs('Compose_2'), '<br/>', items('Apply_to_each_3')?['CommentsFeedback'], '<br/>')"}}},"runAfter":{"Compose_2":["Succeeded"]},"expression":{"and":[{"not":{"equals":["@items('Apply_to_each_3')?['CommentsFeedback']","@null"]}},{"greater":["@length(items('Apply_to_each_3')?['CommentsFeedback'])",0]}]},"metadata":{"operationMetadataId":"fc7d133f-f022-4b6e-9d35-490b517cdaa3"},"type":"If"}},"runAfter":{"Send_an_HTTP_request_to_SharePoint_3":["Succeeded"]},"metadata":{"operationMetadataId":"b206469e-23a8-412b-a9eb-c36e914e5b60"},"type":"Foreach"}},"runAfter":{"Send_an_HTTP_request_to_SharePoint_2":["Succeeded"]},"metadata":{"operationMetadataId":"b0516e5b-8ab5-4f04-a83d-4f087dceb70f"},"type":"Foreach"}}},"connectionReferences":{"shared_sharepointonline_1":{"connectionName":"shared-sharepointonl-1de267c6-b480-4bef-815f-b2bbadd015f4","source":"Invoker","id":"/providers/Microsoft.PowerApps/apis/shared_sharepointonline","tier":"NotSpecified"},"shared_sharepointonline":{"connectionName":"shared-sharepointonl-1de267c6-b480-4bef-815f-b2bbadd015f4","source":"Invoker","id":"/providers/Microsoft.PowerApps/apis/shared_sharepointonline","tier":"NotSpecified"}},"flowFailureAlertSubscribed":false,"isManaged":false}}