{"name":"dbc90cbf-55d7-4f50-8333-6b38ca620d41","id":"/providers/Microsoft.Flow/flows/dbc90cbf-55d7-4f50-8333-6b38ca620d41","type":"Microsoft.Flow/flows","properties":{"apiId":"/providers/Microsoft.PowerApps/apis/shared_logicflows","displayName":"Request Flow Test","definition":{"metadata":{"workflowEntityId":null,"processAdvisorMetadata":null,"flowChargedByPaygo":null,"flowclientsuspensionreason":"None","flowclientsuspensiontime":null,"flowclientsuspensionreasondetails":"","creator":{"id":"788383aa-c622-4d8f-a8b6-41abf8cc505b","type":"User","tenantId":"102d0191-eeae-4761-b1cb-1a83e86ef445"},"provisioningMethod":"FromDefinition","failureAlertSubscription":true,"clientLastModifiedTime":"2024-08-13T13:45:50.0754148Z","connectionKeySavedTimeKey":"2024-08-09T14:03:26.0255175Z"},"$schema":"https://schema.management.azure.com/providers/Microsoft.Logic/schemas/2016-06-01/workflowdefinition.json#","contentVersion":"1.0.0.0","parameters":{"$connections":{"defaultValue":{},"type":"Object"},"$authentication":{"defaultValue":{},"type":"SecureObject"}},"triggers":{"manual":{"metadata":{"operationMetadataId":"25452708-a9e6-4ff0-a811-6911f3c05b2e"},"type":"Request","kind":"PowerAppV2","inputs":{"schema":{"type":"object","properties":{"text":{"title":"uri","type":"string","x-ms-dynamically-added":true,"description":"Please enter your input","x-ms-content-hint":"TEXT"},"number":{"title":"itemID","type":"number","x-ms-dynamically-added":true,"description":"Please enter a number","x-ms-content-hint":"NUMBER"}},"required":["text","number"]}}}},"actions":{"Terminate":{"runAfter":{"Send_an_email_(V2)":["Succeeded"]},"metadata":{"operationMetadataId":"425e5901-c619-4bc9-820b-f62372e9a664"},"type":"Terminate","inputs":{"runStatus":"Succeeded"}},"Send_an_email_(V2)":{"runAfter":{},"metadata":{"operationMetadataId":"b72b2634-9d2b-4b10-9d85-4ab568dfea5b"},"type":"OpenApiConnection","inputs":{"host":{"apiId":"/providers/Microsoft.PowerApps/apis/shared_office365","connectionName":"shared_office365","operationId":"SendEmailV2"},"parameters":{"emailMessage/To":"shaun.c.lewis3.ctr@mail.mil","emailMessage/Subject":"Deep Link Test","emailMessage/Body":"Testing Deeplink\n\n<a href=\"@{triggerBody()['text']}\" target=\"_blank\">Test Link</a>\n","emailMessage/Importance":"Normal"},"authentication":{"value":"@json(decodeBase64(triggerOutputs().headers['X-MS-APIM-Tokens']))['$ConnectionKey']","type":"Raw"}}}}},"connectionReferences":{"shared_office365":{"connectionName":"b15fce0796b042b18f222ab11789248c","source":"Invoker","id":"/providers/Microsoft.PowerApps/apis/shared_office365","tier":"NotSpecified"}},"flowFailureAlertSubscribed":false,"isManaged":false}}